index,object_code,mesh_object_code,theta_true_deg,phi_true_deg,theta_pred_deg,phi_pred_deg,theta_err_deg,phi_err_deg,mean_err_deg,great_circle_err_deg,posterior_theta_pred_deg,posterior_phi_pred_deg,posterior_theta_err_deg,posterior_phi_err_deg,posterior_great_circle_err_deg,pole,top1
0,b7c1,b7c1,0.0,30.0,0.0,330.0,0.0,60.0,30.0,0.0,0.0,338.09722900390625,0.0,51.90277099609375,0.0,True,True
1,b7c1,b7c1,0.0,210.0,0.0,330.0,0.0,120.0,60.0,0.0,0.0,336.5264892578125,0.0,126.5264892578125,0.0,True,True
2,b7c1,b7c1,60.0,0.0,30.0,0.0,30.0,0.0,15.0,30.00000762939453,37.81037902832031,1.0291856527328491,22.189620971679688,1.0291856527328491,22.202611923217773,False,False
3,b7c1,b7c1,90.0,30.0,90.0,30.0,0.0,0.0,0.0,0.0,90.01969146728516,51.16246032714844,0.01969146728515625,21.162460327148438,21.162466049194336,False,True
4,b7c1,b7c1,90.0,150.0,90.0,180.0,0.0,30.0,15.0,30.000001907348633,90.0000228881836,169.3037872314453,2.288818359375e-05,19.303787231445312,19.303787231445312,False,False
5,b7c1,b7c1,90.0,300.0,90.0,300.0,0.0,0.0,0.0,0.0,90.00045776367188,281.5183410644531,0.000457763671875,18.481658935546875,18.481660842895508,False,True
6,b7c1,b7c1,120.0,120.0,120.0,120.0,0.0,0.0,0.0,0.0,119.5367660522461,118.6829833984375,0.46323394775390625,1.3170166015625,1.2333698272705078,False,True
7,b7c1,b7c1,120.0,240.0,120.0,240.0,0.0,0.0,0.0,0.0,120.48422241210938,240.02206420898438,0.484222412109375,0.022064208984375,0.48456788063049316,False,True
8,b7fd,b7fd,60.0,30.0,60.0,30.0,0.0,0.0,0.0,0.0,44.468467712402344,30.33228302001953,15.531532287597656,0.33228302001953125,15.533730506896973,False,True
9,b7fd,b7fd,60.0,240.0,120.0,120.0,60.0,120.0,90.0,128.68218994140625,116.02098083496094,123.64624786376953,56.02098083496094,116.35375213623047,124.3897933959961,False,False
10,b7fd,b7fd,90.0,60.0,90.0,60.0,0.0,0.0,0.0,0.0,90.0,66.51185607910156,0.0,6.5118560791015625,6.51186466217041,False,True
11,b7fd,b7fd,120.0,240.0,90.0,30.0,30.0,150.0,90.0,138.59039306640625,89.99705505371094,47.748661041259766,30.002944946289062,167.7486572265625,147.81454467773438,False,False
12,b7fd,b7fd,120.0,270.0,120.0,270.0,0.0,0.0,0.0,0.0,120.64006042480469,269.6605224609375,0.6400604248046875,0.3394775390625,0.703599750995636,False,True
13,b7fd,b7fd,150.0,330.0,30.0,30.0,120.0,60.0,90.0,128.68218994140625,37.71330261230469,31.843555450439453,112.28669738769531,61.84356689453125,122.73603820800781,False,False
14,b7fd,b7fd,180.0,30.0,150.0,270.0,30.0,120.0,75.0,30.000001907348633,148.88751220703125,275.1354064941406,31.11248779296875,114.86459350585938,31.112491607666016,True,False
15,b7fd,b7fd,180.0,90.0,150.0,270.0,30.0,180.0,105.0,29.9999942779541,154.7606964111328,276.8487243652344,25.239303588867188,173.15127563476562,25.23929786682129,True,False
16,b80b,b80b,0.0,180.0,0.0,330.0,0.0,150.0,75.0,0.0,0.0,335.85186767578125,0.0,155.85186767578125,0.0,True,True
17,b80b,b80b,30.0,180.0,30.0,180.0,0.0,0.0,0.0,0.0,30.232511520385742,180.54603576660156,0.2325115203857422,0.5460357666015625,0.35936465859413147,False,True
18,b80b,b80b,30.0,240.0,30.0,240.0,0.0,0.0,0.0,0.0,29.550182342529297,241.0670166015625,0.4498176574707031,1.0670166015625,0.6952064633369446,False,True
19,b80b,b80b,60.0,90.0,60.0,90.0,0.0,0.0,0.0,0.0,59.41697692871094,90.7766342163086,0.5830230712890625,0.7766342163085938,0.8886743187904358,False,True
20,b80b,b80b,60.0,210.0,60.0,210.0,0.0,0.0,0.0,0.0,60.36144256591797,210.86639404296875,0.36144256591796875,0.86639404296875,0.8341562151908875,False,True
21,b80b,b80b,90.0,150.0,90.0,150.0,0.0,0.0,0.0,0.0,89.99544525146484,153.5891571044922,0.00455474853515625,3.5891571044921875,3.589160203933716,False,True
22,b80b,b80b,120.0,120.0,120.0,120.0,0.0,0.0,0.0,0.0,117.9974594116211,119.91663360595703,2.0025405883789062,0.08336639404296875,2.0038883686065674,False,True
23,b80b,b80b,150.0,150.0,150.0,150.0,0.0,0.0,0.0,0.0,150.72821044921875,148.06532287597656,0.72821044921875,1.9346771240234375,1.2023588418960571,False,True
24,b812,b812,30.0,180.0,30.0,180.0,0.0,0.0,0.0,0.0,29.276437759399414,180.32667541503906,0.7235622406005859,0.3266754150390625,0.741513192653656,False,True
25,b812,b812,60.0,0.0,60.0,0.0,0.0,0.0,0.0,0.0,59.43195724487305,2.3063747882843018,0.5680427551269531,2.3063747882843018,2.0711264610290527,False,True
26,b812,b812,90.0,0.0,90.0,330.0,0.0,30.0,15.0,30.00000762939453,89.99999237060547,337.3851318359375,7.62939453125e-06,22.6148681640625,22.614883422851562,False,False
27,b812,b812,90.0,210.0,90.0,210.0,0.0,0.0,0.0,0.0,89.95832824707031,254.93014526367188,0.0416717529296875,44.930145263671875,44.93016052246094,False,True
28,b812,b812,120.0,30.0,120.0,30.0,0.0,0.0,0.0,0.0,120.54674530029297,30.57558822631836,0.5467453002929688,0.5755882263183594,0.7391343712806702,False,True
29,b812,b812,150.0,0.0,150.0,0.0,0.0,0.0,0.0,0.0,154.0771484375,1.3251310586929321,4.0771484375,1.3251310586929321,4.123978137969971,False,True
30,b812,b812,180.0,240.0,180.0,120.0,0.0,120.0,60.0,0.0,180.0,151.85191345214844,0.0,88.14808654785156,0.0,True,True
31,b812,b812,180.0,330.0,180.0,240.0,0.0,90.0,45.0,0.0,180.0,263.5765686035156,0.0,66.42343139648438,0.0,True,True
32,b827,b827,30.0,240.0,30.0,240.0,0.0,0.0,0.0,0.0,28.242664337158203,236.6876678466797,1.7573356628417969,3.3123321533203125,2.3840878009796143,False,True
33,b827,b827,60.0,0.0,60.0,0.0,0.0,0.0,0.0,0.0,59.41445541381836,2.6605312824249268,0.5855445861816406,2.6605312824249268,2.370750904083252,False,True
34,b827,b827,60.0,90.0,60.0,90.0,0.0,0.0,0.0,0.0,59.361263275146484,91.14519500732422,0.6387367248535156,1.1451950073242188,1.1770285367965698,False,True
35,b827,b827,60.0,120.0,60.0,120.0,0.0,0.0,0.0,0.0,59.07624816894531,123.34215545654297,0.9237518310546875,3.3421554565429688,3.025174379348755,False,True
36,b827,b827,60.0,210.0,60.0,210.0,0.0,0.0,0.0,0.0,71.88217163085938,203.60736083984375,11.882171630859375,6.39263916015625,13.230990409851074,False,True
37,b827,b827,90.0,120.0,90.0,120.0,0.0,0.0,0.0,0.0,90.0,123.61186218261719,0.0,3.6118621826171875,3.611891508102417,False,True
38,b827,b827,120.0,180.0,120.0,180.0,0.0,0.0,0.0,0.0,120.95543670654297,180.9859161376953,0.9554367065429688,0.9859161376953125,1.278706669807434,False,True
39,b827,b827,120.0,270.0,120.0,270.0,0.0,0.0,0.0,0.0,120.61700439453125,269.11199951171875,0.61700439453125,0.88800048828125,0.9839723110198975,False,True
40,b871,b871,0.0,150.0,0.0,330.0,0.0,180.0,90.0,0.0,0.0,334.8200988769531,0.0,175.17990112304688,0.0,True,True
41,b871,b871,0.0,210.0,0.0,330.0,0.0,120.0,60.0,0.0,0.0,327.0523986816406,0.0,117.05239868164062,0.0,True,True
42,b871,b871,0.0,330.0,0.0,300.0,0.0,30.0,15.0,0.0,0.0,317.40740966796875,0.0,12.59259033203125,0.0,True,True
43,b871,b871,30.0,150.0,150.0,210.0,120.0,60.0,90.0,128.68218994140625,143.57200622558594,205.2388153076172,113.57200622558594,55.23881530761719,121.83833312988281,False,False
44,b871,b871,90.0,180.0,90.0,330.0,0.0,150.0,75.0,150.0,90.00000762939453,331.4120178222656,7.62939453125e-06,151.41201782226562,151.41201782226562,False,False
45,b871,b871,90.0,210.0,90.0,330.0,0.0,120.0,60.0,120.00000762939453,90.0492935180664,326.97564697265625,0.04929351806640625,116.97564697265625,116.97563934326172,False,False
46,b871,b871,120.0,0.0,120.0,0.0,0.0,0.0,0.0,0.0,120.69548034667969,1.487679123878479,0.6954803466796875,1.487679123878479,1.4600512981414795,False,True
47,b871,b871,180.0,270.0,180.0,300.0,0.0,30.0,15.0,0.0,180.0,271.333251953125,0.0,1.333251953125,0.0,True,True
48,b8ed,b8ed,0.0,210.0,0.0,330.0,0.0,120.0,60.0,0.0,0.0,330.0679626464844,0.0,120.06796264648438,0.0,True,True
49,b8ed,b8ed,30.0,330.0,30.0,330.0,0.0,0.0,0.0,0.0,29.208290100097656,328.710693359375,0.7917098999023438,1.289306640625,1.0162558555603027,False,True
50,b8ed,b8ed,60.0,120.0,120.0,240.0,60.0,120.0,90.0,128.68218994140625,120.15104675292969,239.93096923828125,60.15104675292969,119.93096923828125,128.6665496826172,False,False
51,b8ed,b8ed,60.0,270.0,60.0,270.0,0.0,0.0,0.0,0.0,38.05952072143555,273.22528076171875,21.940479278564453,3.22528076171875,22.06979751586914,False,True
52,b8ed,b8ed,90.0,120.0,60.0,270.0,30.0,150.0,90.0,138.59039306640625,7.3201117515563965,128.52456665039062,82.67988586425781,8.524566650390625,82.76119995117188,False,False
53,b8ed,b8ed,90.0,300.0,90.0,300.0,0.0,0.0,0.0,0.0,90.00121307373047,298.2956848144531,0.00121307373046875,1.704315185546875,1.704331874847412,False,True
54,b8ed,b8ed,120.0,60.0,120.0,60.0,0.0,0.0,0.0,0.0,133.03424072265625,67.787841796875,13.03424072265625,7.787841796875,14.442863464355469,False,True
55,b8ed,b8ed,150.0,270.0,150.0,270.0,0.0,0.0,0.0,0.0,150.709228515625,270.87689208984375,0.709228515625,0.87689208984375,0.831336498260498,False,True
56,b905,b905,30.0,0.0,30.0,180.0,0.0,180.0,90.0,60.000003814697266,18.953006744384766,186.18983459472656,11.046993255615234,173.81016540527344,48.881038665771484,False,False
57,b905,b905,30.0,300.0,30.0,300.0,0.0,0.0,0.0,0.0,29.19014549255371,299.5352783203125,0.8098545074462891,0.4647216796875,0.8416293859481812,False,True
58,b905,b905,30.0,330.0,30.0,330.0,0.0,0.0,0.0,0.0,29.363109588623047,330.74395751953125,0.6368904113769531,0.74395751953125,0.7359507083892822,False,True
59,b905,b905,60.0,300.0,60.0,300.0,0.0,0.0,0.0,0.0,58.02579116821289,300.59832763671875,1.9742088317871094,0.59832763671875,2.0398004055023193,False,True
60,b905,b905,60.0,330.0,60.0,330.0,0.0,0.0,0.0,0.0,59.20466232299805,330.34747314453125,0.7953376770019531,0.34747314453125,0.849958062171936,False,True
61,b905,b905,90.0,210.0,90.0,210.0,0.0,0.0,0.0,0.0,89.99996948242188,205.41786193847656,3.0517578125e-05,4.5821380615234375,4.582146644592285,False,True
62,b905,b905,150.0,210.0,150.0,210.0,0.0,0.0,0.0,0.0,150.3890838623047,213.7283172607422,0.3890838623046875,3.7283172607421875,1.8933088779449463,False,True
63,b905,b905,150.0,270.0,150.0,270.0,0.0,0.0,0.0,0.0,150.795654296875,270.1551513671875,0.795654296875,0.1551513671875,0.799173891544342,False,True
64,b943,b943,60.0,120.0,60.0,120.0,0.0,0.0,0.0,0.0,59.35133743286133,120.48104095458984,0.6486625671386719,0.48104095458984375,0.7702479362487793,False,True
65,b943,b943,60.0,180.0,30.0,180.0,30.0,0.0,15.0,30.00000762939453,32.14910125732422,182.799560546875,27.85089874267578,2.799560546875,27.918283462524414,False,False
66,b943,b943,60.0,330.0,60.0,330.0,0.0,0.0,0.0,0.0,59.137996673583984,331.06634521484375,0.8620033264160156,1.06634521484375,1.26051926612854,False,True
67,b943,b943,90.0,120.0,90.0,120.0,0.0,0.0,0.0,0.0,89.99994659423828,110.02857971191406,5.340576171875e-05,9.971420288085938,9.971410751342773,False,True
68,b943,b943,90.0,270.0,90.0,270.0,0.0,0.0,0.0,0.0,90.04083251953125,271.368896484375,0.04083251953125,1.368896484375,1.3694508075714111,False,True
69,b943,b943,120.0,30.0,120.0,30.0,0.0,0.0,0.0,0.0,120.37028503417969,30.07859992980957,0.3702850341796875,0.07859992980957031,0.3763853907585144,False,True
70,b943,b943,180.0,60.0,180.0,270.0,0.0,150.0,75.0,0.0,180.0,270.33001708984375,0.0,149.66998291015625,0.0,True,True
71,b943,b943,180.0,180.0,180.0,90.0,0.0,90.0,45.0,0.0,180.0,109.46766662597656,0.0,70.53233337402344,0.0,True,True
72,b974,b974,30.0,0.0,30.0,0.0,0.0,0.0,0.0,0.0,27.900854110717773,6.06752872467041,2.0991458892822266,6.06752872467041,3.607769250869751,False,True
73,b974,b974,60.0,240.0,60.0,240.0,0.0,0.0,0.0,0.0,59.199581146240234,240.44215393066406,0.8004188537597656,0.4421539306640625,0.8869110345840454,False,True
74,b974,b974,90.0,0.0,90.0,180.0,0.0,180.0,90.0,180.0,90.0,188.0132598876953,0.0,171.9867401123047,171.9867401123047,False,False
75,b974,b974,90.0,180.0,90.0,330.0,0.0,150.0,75.0,150.0,90.00005340576172,345.09539794921875,5.340576171875e-05,165.09539794921875,165.09539794921875,False,False
76,b974,b974,90.0,300.0,90.0,240.0,0.0,60.0,30.0,60.000003814697266,90.04086303710938,256.2442626953125,0.040863037109375,43.7557373046875,43.7557487487793,False,False
77,b974,b974,150.0,120.0,150.0,120.0,0.0,0.0,0.0,0.0,149.2303009033203,120.80279541015625,0.7696990966796875,0.80279541015625,0.8704313635826111,False,True
78,b974,b974,150.0,210.0,150.0,210.0,0.0,0.0,0.0,0.0,150.56410217285156,210.7791748046875,0.5641021728515625,0.7791748046875,0.6835691332817078,False,True
79,b974,b974,180.0,30.0,180.0,240.0,0.0,150.0,75.0,0.0,180.0,261.4190368652344,0.0,128.58096313476562,0.0,True,True
80,b979,b979,0.0,240.0,0.0,300.0,0.0,60.0,30.0,0.0,0.0,317.4756774902344,0.0,77.47567749023438,0.0,True,True
81,b979,b979,0.0,330.0,0.0,300.0,0.0,30.0,15.0,0.0,0.0,310.64508056640625,0.0,19.35491943359375,0.0,True,True
82,b979,b979,60.0,0.0,60.0,0.0,0.0,0.0,0.0,0.0,59.52107620239258,2.3891446590423584,0.4789237976074219,2.3891446590423584,2.118863821029663,False,True
83,b979,b979,60.0,60.0,120.0,120.0,60.0,60.0,60.0,82.81924438476562,121.69410705566406,140.1768341064453,61.69410705566406,80.17683410644531,97.8729019165039,False,False
84,b979,b979,60.0,150.0,120.0,210.0,60.0,60.0,60.0,82.81924438476562,109.45533752441406,202.45013427734375,49.45533752441406,52.45013427734375,70.66275024414062,False,False
85,b979,b979,120.0,300.0,120.0,120.0,0.0,180.0,90.0,120.00000762939453,117.2467041015625,111.76158905029297,2.7532958984375,171.7615966796875,122.21361541748047,False,False
86,b979,b979,150.0,90.0,150.0,270.0,0.0,180.0,90.0,60.000003814697266,151.34779357910156,265.619873046875,1.3477935791015625,175.619873046875,58.60521697998047,False,False
87,b979,b979,150.0,150.0,30.0,30.0,120.0,120.0,120.0,151.04498291015625,18.343448638916016,28.09174156188965,131.65655517578125,121.90825653076172,154.8491973876953,False,False
88,b97b,b97b,60.0,300.0,60.0,300.0,0.0,0.0,0.0,0.0,58.99040603637695,300.30926513671875,1.0095939636230469,0.30926513671875,1.0441772937774658,False,True
89,b97b,b97b,90.0,210.0,90.0,210.0,0.0,0.0,0.0,0.0,90.00001525878906,216.34915161132812,1.52587890625e-05,6.349151611328125,6.349156379699707,False,True
90,b97b,b97b,90.0,330.0,90.0,330.0,0.0,0.0,0.0,0.0,90.0,320.0521545410156,0.0,9.947845458984375,9.947854995727539,False,True
91,b97b,b97b,120.0,300.0,120.0,300.0,0.0,0.0,0.0,0.0,120.64164733886719,299.7065124511719,0.6416473388671875,0.293487548828125,0.6898379325866699,False,True
92,b97b,b97b,150.0,90.0,150.0,90.0,0.0,0.0,0.0,0.0,150.63412475585938,89.29835510253906,0.634124755859375,0.7016448974609375,0.7230757474899292,False,True
93,b97b,b97b,180.0,180.0,180.0,90.0,0.0,90.0,45.0,0.0,180.0,97.51763153076172,0.0,82.48236846923828,0.0,True,True
94,b97b,b97b,180.0,240.0,180.0,300.0,0.0,60.0,30.0,0.0,180.0,233.47850036621094,0.0,6.5214996337890625,0.0,True,True
95,b97b,b97b,180.0,270.0,180.0,300.0,0.0,30.0,15.0,0.0,180.0,253.3624725341797,0.0,16.637527465820312,0.0,True,True
96,b9e6,b9e6,30.0,180.0,30.0,180.0,0.0,0.0,0.0,0.0,29.528711318969727,180.3259735107422,0.47128868103027344,0.3259735107421875,0.4981082081794739,False,True
97,b9e6,b9e6,90.0,0.0,90.0,0.0,0.0,0.0,0.0,0.0,90.0000228881836,359.2636413574219,2.288818359375e-05,0.736358642578125,0.7364822626113892,False,True
98,b9e6,b9e6,90.0,30.0,90.0,30.0,0.0,0.0,0.0,0.0,90.0000228881836,33.475833892822266,2.288818359375e-05,3.4758338928222656,3.4758121967315674,False,True
99,b9e6,b9e6,90.0,180.0,90.0,180.0,0.0,0.0,0.0,0.0,90.0,189.06979370117188,0.0,9.069793701171875,9.06980037689209,False,True
100,b9e6,b9e6,120.0,150.0,120.0,150.0,0.0,0.0,0.0,0.0,116.76225280761719,152.0064697265625,3.2377471923828125,2.0064697265625,3.6875364780426025,False,True
101,b9e6,b9e6,120.0,210.0,120.0,30.0,0.0,180.0,90.0,120.00000762939453,120.56832885742188,30.441652297973633,0.568328857421875,179.558349609375,119.43021392822266,False,False
102,b9e6,b9e6,120.0,330.0,120.0,330.0,0.0,0.0,0.0,0.0,120.50284576416016,328.202392578125,0.5028457641601562,1.797607421875,1.632068395614624,False,True
103,b9e6,b9e6,150.0,270.0,150.0,270.0,0.0,0.0,0.0,0.0,150.8885040283203,270.8805236816406,0.8885040283203125,0.880523681640625,0.9889314770698547,False,True
104,ba0f,ba0f,30.0,180.0,30.0,0.0,0.0,180.0,90.0,60.000003814697266,35.74192428588867,0.09924955666065216,5.741924285888672,179.9007568359375,65.74189758300781,False,False
105,ba0f,ba0f,30.0,210.0,150.0,330.0,120.0,120.0,120.0,151.04498291015625,150.5287628173828,329.5881042480469,120.52876281738281,119.58810424804688,151.095458984375,False,False
106,ba0f,ba0f,60.0,90.0,60.0,90.0,0.0,0.0,0.0,0.0,51.00889587402344,91.22705078125,8.991104125976562,1.22705078125,9.047523498535156,False,True
107,ba0f,ba0f,60.0,270.0,120.0,270.0,60.0,0.0,30.0,60.000003814697266,157.66844177246094,266.81072998046875,97.66844177246094,3.18927001953125,97.69790649414062,False,False
108,ba0f,ba0f,120.0,150.0,60.0,30.0,60.0,120.0,90.0,128.68218994140625,45.01737976074219,5.058537006378174,74.98262023925781,144.94146728515625,148.74484252929688,False,False
109,ba0f,ba0f,120.0,270.0,60.0,90.0,60.0,180.0,120.0,180.0,72.43325805664062,91.46253967285156,47.566741943359375,178.53746032714844,167.49534606933594,False,False
110,ba0f,ba0f,150.0,240.0,30.0,300.0,120.0,60.0,90.0,128.68218994140625,28.69693374633789,300.8934020996094,121.30307006835938,60.893402099609375,130.00582885742188,False,False
111,ba0f,ba0f,180.0,30.0,180.0,300.0,0.0,90.0,45.0,0.0,179.98020935058594,304.3782958984375,0.0197906494140625,85.6217041015625,0.01978234015405178,True,True
112,baa9,baa9,30.0,0.0,30.0,0.0,0.0,0.0,0.0,0.0,28.224088668823242,0.4188697934150696,1.7759113311767578,0.4188697934150696,1.7876125574111938,False,True
113,baa9,baa9,30.0,90.0,30.0,90.0,0.0,0.0,0.0,0.0,29.384130477905273,94.08222198486328,0.6158695220947266,4.082221984863281,2.1134071350097656,False,True
114,baa9,baa9,30.0,150.0,30.0,150.0,0.0,0.0,0.0,0.0,32.33168029785156,148.2493133544922,2.3316802978515625,1.7506866455078125,2.501237392425537,False,True
115,baa9,baa9,60.0,30.0,60.0,30.0,0.0,0.0,0.0,0.0,59.26334762573242,29.694265365600586,0.7366523742675781,0.30573463439941406,0.7828471064567566,False,True
116,baa9,baa9,60.0,210.0,60.0,210.0,0.0,0.0,0.0,0.0,61.43577575683594,209.70358276367188,1.4357757568359375,0.296417236328125,1.458844542503357,False,True
117,baa9,baa9,90.0,120.0,90.0,120.0,0.0,0.0,0.0,0.0,89.99931335449219,125.80583190917969,0.0006866455078125,5.8058319091796875,5.805828094482422,False,True
118,baa9,baa9,120.0,210.0,120.0,210.0,0.0,0.0,0.0,0.0,99.06159973144531,205.55923461914062,20.938400268554688,4.440765380859375,21.34624481201172,False,True
119,baa9,baa9,150.0,30.0,150.0,30.0,0.0,0.0,0.0,0.0,145.0750274658203,31.589054107666016,4.9249725341796875,1.5890541076660156,4.997908115386963,False,True
120,bb26,bb26,0.0,180.0,0.0,330.0,0.0,150.0,75.0,0.0,0.0,336.299560546875,0.0,156.299560546875,0.0,True,True
121,bb26,bb26,0.0,240.0,0.0,330.0,0.0,90.0,45.0,0.0,0.0,332.9827575683594,0.0,92.98275756835938,0.0,True,True
122,bb26,bb26,0.0,270.0,0.0,330.0,0.0,60.0,30.0,0.0,0.0,323.5169982910156,0.0,53.516998291015625,0.0,True,True
123,bb26,bb26,90.0,180.0,90.0,60.0,0.0,120.0,60.0,120.00000762939453,90.0,66.5975112915039,0.0,113.4024887084961,113.4024887084961,False,False
124,bb26,bb26,90.0,330.0,90.0,330.0,0.0,0.0,0.0,0.0,90.00000762939453,326.3790588378906,7.62939453125e-06,3.620941162109375,3.6209330558776855,False,True
125,bb26,bb26,120.0,270.0,120.0,270.0,0.0,0.0,0.0,0.0,121.56444549560547,275.00732421875,1.5644454956054688,5.00732421875,4.576971054077148,False,True
126,bb26,bb26,180.0,0.0,180.0,240.0,0.0,120.0,60.0,0.0,180.0,257.745849609375,0.0,102.254150390625,0.0,True,True
127,bb26,bb26,180.0,90.0,150.0,270.0,30.0,180.0,105.0,29.9999942779541,161.72511291503906,269.4552001953125,18.274887084960938,179.4552001953125,18.274885177612305,True,False
128,bb7c,bb7c,0.0,120.0,0.0,330.0,0.0,150.0,75.0,0.0,0.0,337.59429931640625,0.0,142.40570068359375,0.0,True,True
129,bb7c,bb7c,60.0,180.0,30.0,180.0,30.0,0.0,15.0,30.00000762939453,31.120851516723633,183.07479858398438,28.879148483276367,3.074798583984375,28.95550537109375,False,False
130,bb7c,bb7c,60.0,210.0,120.0,150.0,60.0,60.0,60.0,82.81924438476562,109.44237518310547,166.7130889892578,49.44237518310547,43.28691101074219,64.65750885009766,False,False
131,bb7c,bb7c,90.0,60.0,90.0,120.0,0.0,60.0,30.0,60.000003814697266,89.9999771118164,109.95613861083984,2.288818359375e-05,49.956138610839844,49.95614242553711,False,False
132,bb7c,bb7c,90.0,180.0,90.0,180.0,0.0,0.0,0.0,0.0,90.0,183.37432861328125,0.0,3.37432861328125,3.3743481636047363,False,True
133,bb7c,bb7c,120.0,0.0,120.0,0.0,0.0,0.0,0.0,0.0,120.89661407470703,5.6073222160339355,0.8966140747070312,5.6073222160339355,4.915896892547607,False,True
134,bb7c,bb7c,180.0,60.0,180.0,270.0,0.0,150.0,75.0,0.0,180.0,268.490966796875,0.0,151.509033203125,0.0,True,True
135,bb7c,bb7c,180.0,270.0,180.0,300.0,0.0,30.0,15.0,0.0,180.0,289.7862243652344,0.0,19.786224365234375,0.0,True,True
136,bb7d,bb7d,0.0,180.0,0.0,330.0,0.0,150.0,75.0,0.0,0.0,321.537841796875,0.0,141.537841796875,0.0,True,True
137,bb7d,bb7d,0.0,300.0,0.0,90.0,0.0,150.0,75.0,0.0,0.7514740228652954,75.28046417236328,0.7514740228652954,135.28045654296875,0.7514740228652954,True,True
138,bb7d,bb7d,30.0,30.0,30.0,210.0,0.0,180.0,90.0,60.000003814697266,10.117794036865234,238.41880798339844,19.882205963134766,151.58119201660156,39.167198181152344,False,False
139,bb7d,bb7d,90.0,300.0,120.0,90.0,30.0,150.0,90.0,138.59039306640625,100.33550262451172,90.16764068603516,10.335502624511719,150.16763305664062,148.5843963623047,False,False
140,bb7d,bb7d,120.0,90.0,60.0,270.0,60.0,180.0,120.0,180.0,58.87386703491211,268.35687255859375,61.12613296508789,178.35687255859375,178.19171142578125,False,False
141,bb7d,bb7d,180.0,0.0,180.0,240.0,0.0,120.0,60.0,0.0,180.0,264.6900939941406,0.0,95.30990600585938,0.0,True,True
142,bb7d,bb7d,180.0,60.0,180.0,300.0,0.0,120.0,60.0,0.0,179.97203063964844,282.6741943359375,0.0279693603515625,137.3258056640625,0.02797645516693592,True,True
143,bb7d,bb7d,180.0,150.0,180.0,270.0,0.0,120.0,60.0,0.0,179.5576629638672,265.2960205078125,0.4423370361328125,115.2960205078125,0.4423476755619049,True,True
144,bbc6,bbc6,30.0,90.0,30.0,90.0,0.0,0.0,0.0,0.0,34.07221603393555,98.62474060058594,4.072216033935547,8.624740600585938,6.116319179534912,False,True
145,bbc6,bbc6,30.0,120.0,30.0,300.0,0.0,180.0,90.0,60.000003814697266,23.00421142578125,296.3925476074219,6.99578857421875,176.39254760742188,52.97643280029297,False,False
146,bbc6,bbc6,30.0,180.0,30.0,30.0,0.0,150.0,75.0,57.7581901550293,28.654815673828125,16.971559524536133,1.345184326171875,163.0284423828125,57.951656341552734,False,False
147,bbc6,bbc6,60.0,210.0,120.0,150.0,60.0,60.0,60.0,82.81924438476562,113.07987213134766,157.2677459716797,53.079872131347656,52.73225402832031,73.35553741455078,False,False
148,bbc6,bbc6,90.0,240.0,90.0,240.0,0.0,0.0,0.0,0.0,90.01779174804688,232.80819702148438,0.017791748046875,7.191802978515625,7.191838264465332,False,True
149,bbc6,bbc6,120.0,0.0,150.0,0.0,30.0,0.0,15.0,29.99998664855957,154.63169860839844,2.6248631477355957,34.63169860839844,2.6248631477355957,34.67092514038086,False,False
150,bbc6,bbc6,120.0,240.0,120.0,240.0,0.0,0.0,0.0,0.0,120.6070556640625,238.56790161132812,0.6070556640625,1.432098388671875,1.377429723739624,False,True
151,bbc6,bbc6,180.0,120.0,180.0,240.0,0.0,120.0,60.0,0.0,180.0,252.44219970703125,0.0,132.44219970703125,0.0,True,True
152,bc2c,bc2c,0.0,240.0,0.0,300.0,0.0,60.0,30.0,0.0,0.0,308.8739318847656,0.0,68.87393188476562,0.0,True,True
153,bc2c,bc2c,30.0,120.0,30.0,120.0,0.0,0.0,0.0,0.0,27.99005699157715,119.46450805664062,2.0099430084228516,0.535491943359375,2.026613235473633,False,True
154,bc2c,bc2c,30.0,240.0,30.0,240.0,0.0,0.0,0.0,0.0,31.468280792236328,238.57870483398438,1.4682807922363281,1.421295166015625,1.6380527019500732,False,True
155,bc2c,bc2c,30.0,330.0,60.0,0.0,30.0,30.0,30.0,36.09779357910156,59.174076080322266,355.7892761230469,29.174076080322266,25.789276123046875,33.862396240234375,False,False
156,bc2c,bc2c,60.0,60.0,60.0,60.0,0.0,0.0,0.0,0.0,56.993812561035156,74.80342102050781,3.0061874389648438,14.803421020507812,12.962282180786133,False,True
157,bc2c,bc2c,90.0,30.0,90.0,60.0,0.0,30.0,15.0,30.000001907348633,90.0,44.68337631225586,0.0,14.68337631225586,14.683369636535645,False,False
158,bc2c,bc2c,120.0,60.0,120.0,60.0,0.0,0.0,0.0,0.0,121.64326477050781,66.02777862548828,1.6432647705078125,6.027778625488281,5.430113315582275,False,True
159,bc2c,bc2c,150.0,150.0,150.0,210.0,0.0,60.0,30.0,28.95502281188965,158.4414825439453,188.86422729492188,8.441482543945312,38.864227294921875,18.46887969970703,False,False
