label,protocol,fold,seed,object_code,direction_count,great_circle_mae_deg,theta_mae_deg,phi_mae_deg,top1_acc
frequency,id,0,70,b7c1,10,18.00000114440918,0.0,18.0,0.8
frequency,id,0,70,b7fd,10,27.76901865005493,6.0,27.0,0.7
frequency,id,0,70,b80b,10,18.0,0.0,18.0,0.9
frequency,id,0,70,b812,10,0.0,0.0,0.0,1.0
frequency,id,0,70,b827,10,0.0,0.0,0.0,1.0
frequency,id,0,70,b871,10,18.0,0.0,18.0,0.9
frequency,id,0,70,b8ed,10,33.7180778503418,0.0,48.0,0.6
frequency,id,0,70,b905,10,20.59050750732422,0.0,21.0,0.8
frequency,id,0,70,b943,10,18.0,0.0,18.0,0.9
frequency,id,0,70,b974,10,5.131781005859375,0.0,6.0,0.9
frequency,id,0,70,b979,10,84.50125179290771,45.0,81.0,0.1
frequency,id,0,70,b97b,10,35.355961608886716,12.0,27.0,0.7
frequency,id,0,70,b9e6,10,12.000000762939454,0.0,12.0,0.8
frequency,id,0,70,ba0f,10,96.11789407730103,39.0,90.0,0.1
frequency,id,0,70,baa9,10,0.0,0.0,0.0,1.0
frequency,id,0,70,bb26,10,72.25464324951172,36.0,72.0,0.3
frequency,id,0,70,bb7c,10,6.000000381469727,0.0,6.0,0.9
frequency,id,0,70,bb7d,10,93.40478782653808,42.0,96.0,0.2
frequency,id,0,70,bbc6,10,39.868217658996585,15.0,30.0,0.5
frequency,id,0,70,bc2c,10,62.628394508361815,24.0,81.0,0.2
frequency,id,0,71,b7c1,10,6.000000381469727,0.0,6.0,0.9
frequency,id,0,71,b7fd,10,31.30920867919922,18.0,21.0,0.5
frequency,id,0,71,b80b,10,36.0,0.0,36.0,0.8
frequency,id,0,71,b812,10,18.0,0.0,18.0,0.9
frequency,id,0,71,b827,10,18.0,0.0,18.0,0.9
frequency,id,0,71,b871,10,18.0,0.0,18.0,0.9
frequency,id,0,71,b8ed,10,30.000001907348633,0.0,48.0,0.7
frequency,id,0,71,b905,10,20.59050750732422,0.0,21.0,0.8
frequency,id,0,71,b943,10,33.458726501464845,6.0,33.0,0.7
frequency,id,0,71,b974,10,0.0,0.0,0.0,1.0
frequency,id,0,71,b979,10,58.368926429748534,21.0,69.0,0.1
frequency,id,0,71,b97b,10,18.0,0.0,18.0,0.9
frequency,id,0,71,b9e6,10,12.000000762939454,0.0,12.0,0.8
frequency,id,0,71,ba0f,10,83.79950542449951,45.0,63.0,0.2
frequency,id,0,71,baa9,10,36.0,0.0,36.0,0.8
frequency,id,0,71,bb26,10,92.19536514282227,51.0,75.0,0.3
frequency,id,0,71,bb7c,10,12.000000762939454,0.0,12.0,0.9
frequency,id,0,71,bb7d,10,87.71337089538574,36.0,93.0,0.2
frequency,id,0,71,bbc6,10,38.99999732971192,6.0,33.0,0.6
frequency,id,0,71,bc2c,10,55.86102848052978,30.0,66.0,0.2
frequency,id,0,72,b7c1,10,24.000001525878908,6.0,18.0,0.7
frequency,id,0,72,b7fd,10,37.5638505935669,12.0,39.0,0.5
frequency,id,0,72,b80b,10,18.0,0.0,18.0,0.9
frequency,id,0,72,b812,10,0.0,0.0,0.0,1.0
frequency,id,0,72,b827,10,3.0000001907348635,3.0,0.0,0.9
frequency,id,0,72,b871,10,0.0,0.0,0.0,1.0
frequency,id,0,72,b8ed,10,26.590509033203126,0.0,39.0,0.6
frequency,id,0,72,b905,10,20.59050750732422,0.0,21.0,0.8
frequency,id,0,72,b943,10,18.0,0.0,18.0,0.9
frequency,id,0,72,b974,10,23.131781005859374,0.0,24.0,0.8
frequency,id,0,72,b979,10,69.14297485351562,33.0,78.0,0.1
frequency,id,0,72,b97b,10,26.281924438476562,6.0,24.0,0.8
frequency,id,0,72,b9e6,10,12.000000762939454,0.0,12.0,0.8
frequency,id,0,72,ba0f,10,73.5741397857666,48.0,48.0,0.2
frequency,id,0,72,baa9,10,18.0,0.0,18.0,0.9
frequency,id,0,72,bb26,10,84.86822128295898,36.0,78.0,0.3
frequency,id,0,72,bb7c,10,18.00000114440918,0.0,18.0,0.8
frequency,id,0,72,bb7d,10,85.12286338806152,36.0,90.0,0.3
frequency,id,0,72,bbc6,10,40.9458176612854,12.0,36.0,0.3
frequency,id,0,72,bc2c,10,84.00000104904174,24.0,108.0,0.2
frequency,id,0,73,b7c1,10,18.00000114440918,0.0,18.0,0.8
frequency,id,0,73,b7fd,10,62.53656635284424,36.0,48.0,0.4
frequency,id,0,73,b80b,10,18.0,0.0,18.0,0.9
frequency,id,0,73,b812,10,0.0,0.0,0.0,1.0
frequency,id,0,73,b827,10,18.0,0.0,18.0,0.9
frequency,id,0,73,b871,10,18.0,0.0,18.0,0.9
frequency,id,0,73,b8ed,10,33.7180778503418,6.0,42.0,0.6
frequency,id,0,73,b905,10,23.131781005859374,0.0,24.0,0.8
frequency,id,0,73,b943,10,18.0,0.0,18.0,0.9
frequency,id,0,73,b974,10,0.0,0.0,0.0,1.0
frequency,id,0,73,b979,10,57.332462310791016,21.0,72.0,0.2
frequency,id,0,73,b97b,10,18.0,0.0,18.0,0.9
frequency,id,0,73,b9e6,10,18.00000114440918,0.0,18.0,0.8
frequency,id,0,73,ba0f,10,77.88269987106324,39.0,66.0,0.2
frequency,id,0,73,baa9,10,18.0,0.0,18.0,0.9
frequency,id,0,73,bb26,10,78.87351808547973,36.0,69.0,0.2
frequency,id,0,73,bb7c,10,0.0,0.0,0.0,1.0
frequency,id,0,73,bb7d,10,93.40478782653808,42.0,96.0,0.2
frequency,id,0,73,bbc6,10,43.487094211578366,6.0,57.0,0.4
frequency,id,0,73,bc2c,10,63.649336910247804,30.0,69.0,0.3
frequency,id,0,74,b7c1,10,18.00000114440918,0.0,18.0,0.8
frequency,id,0,74,b7fd,10,38.94644651412964,12.0,39.0,0.4
frequency,id,0,74,b80b,10,18.0,0.0,18.0,0.9
frequency,id,0,74,b812,10,18.0,0.0,18.0,0.9
frequency,id,0,74,b827,10,18.0,0.0,18.0,0.9
frequency,id,0,74,b871,10,18.0,0.0,18.0,0.9
frequency,id,0,74,b8ed,10,0.0,0.0,0.0,1.0
frequency,id,0,74,b905,10,18.0,0.0,18.0,0.9
frequency,id,0,74,b943,10,18.0,0.0,18.0,0.9
frequency,id,0,74,b974,10,26.281924438476562,6.0,24.0,0.8
frequency,id,0,74,b979,10,50.429332447052005,18.0,60.0,0.3
frequency,id,0,74,b97b,10,19.48709421157837,0.0,21.0,0.8
frequency,id,0,74,b9e6,10,18.00000114440918,0.0,18.0,0.8
frequency,id,0,74,ba0f,10,89.49092330932618,51.0,66.0,0.2
frequency,id,0,74,baa9,10,18.0,0.0,18.0,0.9
frequency,id,0,74,bb26,10,96.30028762817383,51.0,81.0,0.2
frequency,id,0,74,bb7c,10,12.000000762939454,0.0,18.0,0.9
frequency,id,0,74,bb7d,10,94.8865837097168,48.0,84.0,0.3
frequency,id,0,74,bbc6,10,38.99999866485596,9.0,36.0,0.6
frequency,id,0,74,bc2c,10,69.8061040878296,21.0,87.0,0.2
frequency,id,0,75,b7c1,10,18.00000114440918,0.0,18.0,0.8
frequency,id,0,75,b7fd,10,48.69083461761475,24.0,39.0,0.5
frequency,id,0,75,b80b,10,18.0,0.0,18.0,0.9
frequency,id,0,75,b812,10,18.0,0.0,18.0,0.9
frequency,id,0,75,b827,10,18.0,0.0,18.0,0.9
frequency,id,0,75,b871,10,18.0,0.0,18.0,0.9
frequency,id,0,75,b8ed,10,24.841906833648682,0.0,30.0,0.7
frequency,id,0,75,b905,10,18.0,0.0,18.0,0.9
frequency,id,0,75,b943,10,18.0,0.0,18.0,0.9
frequency,id,0,75,b974,10,0.0,0.0,0.0,1.0
frequency,id,0,75,b979,10,83.72246742248535,45.0,78.0,0.1
frequency,id,0,75,b97b,10,18.0,0.0,18.0,0.9
frequency,id,0,75,b9e6,10,18.00000114440918,0.0,18.0,0.8
frequency,id,0,75,ba0f,10,74.17119903564453,33.0,69.0,0.3
frequency,id,0,75,baa9,10,18.0,0.0,18.0,0.9
frequency,id,0,75,bb26,10,90.25464172363282,48.0,78.0,0.4
frequency,id,0,75,bb7c,10,14.590508270263673,0.0,15.0,0.8
frequency,id,0,75,bb7d,10,90.25464553833008,36.0,96.0,0.2
frequency,id,0,75,bbc6,10,57.45872344970703,12.0,63.0,0.3
frequency,id,0,75,bc2c,10,84.18515167236328,33.0,99.0,0.1
frequency,id,0,76,b7c1,10,18.00000114440918,6.0,12.0,0.7
frequency,id,0,76,b7fd,10,48.648861694335935,18.0,39.0,0.5
frequency,id,0,76,b80b,10,18.0,0.0,18.0,0.9
frequency,id,0,76,b812,10,0.0,0.0,0.0,1.0
frequency,id,0,76,b827,10,0.0,0.0,0.0,1.0
frequency,id,0,76,b871,10,18.0,0.0,18.0,0.9
frequency,id,0,76,b8ed,10,12.000000762939454,0.0,12.0,0.8
frequency,id,0,76,b905,10,29.354812622070312,0.0,33.0,0.8
frequency,id,0,76,b943,10,20.59050750732422,0.0,21.0,0.8
frequency,id,0,76,b974,10,18.0,0.0,18.0,0.9
frequency,id,0,76,b979,10,59.95521926879883,24.0,57.0,0.1
frequency,id,0,76,b97b,10,18.0,0.0,18.0,0.9
frequency,id,0,76,b9e6,10,17.999999618530275,0.0,18.0,0.8
frequency,id,0,76,ba0f,10,79.50125350952149,51.0,57.0,0.2
frequency,id,0,76,baa9,10,18.0,0.0,18.0,0.9
frequency,id,0,76,bb26,10,88.66240348815919,42.0,81.0,0.2
frequency,id,0,76,bb7c,10,18.00000114440918,0.0,18.0,0.8
frequency,id,0,76,bb7d,10,94.91382369995117,39.0,87.0,0.3
frequency,id,0,76,bbc6,10,47.77581596374512,12.0,51.0,0.3
frequency,id,0,76,bc2c,10,70.51291027069092,24.0,99.0,0.1
frequency,outer1,1,70,b827,60,20.154549407958985,5.0,16.5,0.8
frequency,outer1,1,70,b871,60,20.289407285054526,2.0,20.0,0.85
frequency,outer1,1,70,b905,60,15.076455084482829,1.0,15.0,0.85
frequency,outer1,1,70,bb7d,60,86.45924123128255,45.5,81.5,0.16666666666666666
frequency,outer1,1,70,bbc6,60,50.25366415977478,23.0,45.0,0.4666666666666667
frequency,outer1,1,71,b827,60,29.73502984046936,8.0,24.5,0.7
frequency,outer1,1,71,b871,60,25.662119960784914,5.0,24.0,0.8
frequency,outer1,1,71,b905,60,26.025024541219075,4.0,25.5,0.8
frequency,outer1,1,71,bb7d,60,90.57338447570801,47.5,84.5,0.15
frequency,outer1,1,71,bbc6,60,54.303191884358725,24.0,49.0,0.45
frequency,outer1,1,72,b827,60,20.23561814626058,4.0,17.0,0.8166666666666667
frequency,outer1,1,72,b871,60,16.144703737894694,1.0,16.0,0.8666666666666667
frequency,outer1,1,72,b905,60,15.000000445048014,0.0,17.0,0.8666666666666667
frequency,outer1,1,72,bb7d,60,90.71018582979838,47.5,88.5,0.16666666666666666
frequency,outer1,1,72,bbc6,60,53.03204023043315,22.0,47.5,0.5166666666666667
frequency,outer1,1,73,b827,60,16.0,1.0,15.0,0.8833333333333333
frequency,outer1,1,73,b871,60,14.144703801472982,2.0,13.0,0.8666666666666667
frequency,outer1,1,73,b905,60,11.000000381469727,0.0,11.0,0.9
frequency,outer1,1,73,bb7d,60,88.58706922531128,47.5,89.0,0.13333333333333333
frequency,outer1,1,73,bbc6,60,47.740919240315755,21.0,44.5,0.55
frequency,outer1,1,74,b827,60,15.690459887186686,0.0,16.0,0.85
frequency,outer1,1,74,b871,60,16.789407189687093,2.5,16.0,0.85
frequency,outer1,1,74,b905,60,20.576455243428548,1.0,21.5,0.8333333333333334
frequency,outer1,1,74,bb7d,60,86.55143774350485,46.5,78.5,0.18333333333333332
frequency,outer1,1,74,bbc6,60,50.251793432235715,22.0,49.5,0.5
frequency,outer1,1,75,b827,60,21.24159154891968,4.0,19.0,0.8
frequency,outer1,1,75,b871,60,17.037364069620768,3.0,16.5,0.85
frequency,outer1,1,75,b905,60,20.690459950764975,0.0,22.0,0.8166666666666667
frequency,outer1,1,75,bb7d,60,88.42809861501058,43.5,86.5,0.18333333333333332
frequency,outer1,1,75,bbc6,60,50.44775897661845,19.5,49.0,0.5166666666666667
frequency,outer1,1,76,b827,60,16.39246892929077,1.5,15.5,0.8666666666666667
frequency,outer1,1,76,b871,60,14.7643829981486,1.0,15.0,0.8666666666666667
frequency,outer1,1,76,b905,60,15.43175163269043,0.0,15.5,0.8666666666666667
frequency,outer1,1,76,bb7d,60,99.04424085617066,55.0,89.0,0.1
frequency,outer1,1,76,bbc6,60,45.67443453470866,16.5,45.5,0.5333333333333333
frequency,outer2,2,70,b7c1,60,20.38032118479411,1.0,21.0,0.85
frequency,outer2,2,70,b80b,60,12.0,0.0,12.0,0.9333333333333333
frequency,outer2,2,70,b9e6,60,22.619679768880207,0.0,24.0,0.8333333333333334
frequency,outer2,2,70,ba0f,60,79.32793169021606,31.5,85.5,0.23333333333333334
frequency,outer2,2,70,bb7c,60,24.03928295771281,2.5,25.0,0.8
frequency,outer2,2,71,b7c1,60,22.000000445048013,1.0,22.0,0.8333333333333334
frequency,outer2,2,71,b80b,60,3.0,0.0,3.0,0.9833333333333333
frequency,outer2,2,71,b9e6,60,15.000000381469727,0.0,17.0,0.8833333333333333
frequency,outer2,2,71,ba0f,60,72.88216334978739,24.0,81.0,0.25
frequency,outer2,2,71,bb7c,60,16.55366325378418,3.5,14.5,0.8166666666666667
frequency,outer2,2,72,b7c1,60,24.1196790377299,1.5,23.0,0.8
frequency,outer2,2,72,b80b,60,9.999999554951986,1.0,9.0,0.9166666666666666
frequency,outer2,2,72,b9e6,60,19.500000222524008,0.5,21.0,0.85
frequency,outer2,2,72,ba0f,60,80.71089464823405,28.5,89.0,0.21666666666666667
frequency,outer2,2,72,bb7c,60,21.38032054901123,3.0,19.0,0.8166666666666667
frequency,outer2,2,73,b7c1,60,22.00000025431315,0.0,23.0,0.8666666666666667
frequency,outer2,2,73,b80b,60,12.0,0.0,12.0,0.9333333333333333
frequency,outer2,2,73,b9e6,60,18.000000381469725,0.0,20.0,0.8666666666666667
frequency,outer2,2,73,ba0f,60,70.52519868214925,23.5,79.5,0.26666666666666666
frequency,outer2,2,73,bb7c,60,19.355296897888184,0.5,22.0,0.8666666666666667
frequency,outer2,2,74,b7c1,60,19.000000508626304,1.0,19.0,0.85
frequency,outer2,2,74,b80b,60,18.0,0.0,18.0,0.9
frequency,outer2,2,74,b9e6,60,18.00000057220459,0.0,20.0,0.8666666666666667
frequency,outer2,2,74,ba0f,60,62.769632800420126,21.0,70.0,0.2833333333333333
frequency,outer2,2,74,bb7c,60,29.272789827982585,3.0,31.5,0.7833333333333333
frequency,outer2,2,75,b7c1,60,13.00000031789144,0.0,13.0,0.9
frequency,outer2,2,75,b80b,60,6.0,0.0,6.0,0.9666666666666667
frequency,outer2,2,75,b9e6,60,14.619679641723632,0.0,16.0,0.8833333333333333
frequency,outer2,2,75,ba0f,60,71.97104441324869,25.5,74.0,0.3
frequency,outer2,2,75,bb7c,60,25.646936162312826,2.5,28.0,0.8
frequency,outer2,2,76,b7c1,60,13.628169711430868,1.0,13.5,0.8833333333333333
frequency,outer2,2,76,b80b,60,12.0,0.0,12.0,0.9333333333333333
frequency,outer2,2,76,b9e6,60,21.00000057220459,0.0,24.0,0.85
frequency,outer2,2,76,ba0f,60,71.98774509429931,26.0,76.0,0.3333333333333333
frequency,outer2,2,76,bb7c,60,21.883636919657388,2.0,22.0,0.8166666666666667
frequency,outer3,3,70,b812,60,18.0,0.0,18.0,0.9
frequency,outer3,3,70,b943,60,21.576455116271973,2.0,20.5,0.8166666666666667
frequency,outer3,3,70,b974,60,13.000000063578288,0.0,13.0,0.9166666666666666
frequency,outer3,3,70,b97b,60,21.644703324635824,3.5,20.0,0.7833333333333333
frequency,outer3,3,70,bc2c,60,86.47756764094035,32.5,95.0,0.2
frequency,outer3,3,71,b812,60,15.0,0.0,15.0,0.9166666666666666
frequency,outer3,3,71,b943,60,25.235617542266844,2.0,26.0,0.8
frequency,outer3,3,71,b974,60,19.000000063578288,0.0,21.0,0.8833333333333333
frequency,outer3,3,71,b97b,60,21.917684078216553,7.5,19.5,0.75
frequency,outer3,3,71,bc2c,60,86.8478044350942,32.5,93.0,0.16666666666666666
frequency,outer3,3,72,b812,60,13.380320739746093,1.0,13.0,0.9166666666666666
frequency,outer3,3,72,b943,60,20.14470361073812,2.0,19.0,0.8333333333333334
frequency,outer3,3,72,b974,60,18.000000190734863,0.0,18.0,0.8833333333333333
frequency,outer3,3,72,b97b,60,27.317933813730875,3.5,27.5,0.7333333333333333
frequency,outer3,3,72,bc2c,60,86.51674372355143,29.5,92.5,0.23333333333333334
frequency,outer3,3,73,b812,60,11.000000127156575,0.0,11.0,0.9333333333333333
frequency,outer3,3,73,b943,60,21.628170347213747,2.0,20.5,0.7833333333333333
frequency,outer3,3,73,b974,60,12.431751251220703,0.0,12.5,0.9166666666666666
frequency,outer3,3,73,b97b,60,27.62386784553528,6.5,26.5,0.7
frequency,outer3,3,73,bc2c,60,86.76086479822794,30.5,92.5,0.21666666666666667
frequency,outer3,3,74,b812,60,11.000000127156575,0.0,12.0,0.9333333333333333
frequency,outer3,3,74,b943,60,16.312072149912517,1.5,15.5,0.8333333333333334
frequency,outer3,3,74,b974,60,18.0,0.0,18.0,0.9
frequency,outer3,3,74,b97b,60,28.161551205317178,2.0,32.5,0.7166666666666667
frequency,outer3,3,74,bc2c,60,84.05778415997823,26.5,96.5,0.18333333333333332
frequency,outer3,3,75,b812,60,11.000000127156575,0.0,11.0,0.9333333333333333
frequency,outer3,3,75,b943,60,22.68398666381836,2.0,22.0,0.8
frequency,outer3,3,75,b974,60,12.0,0.0,12.0,0.9333333333333333
frequency,outer3,3,75,b97b,60,31.9318351427714,8.0,30.5,0.6833333333333333
frequency,outer3,3,75,bc2c,60,85.8815395673116,29.0,90.0,0.21666666666666667
frequency,outer3,3,76,b812,60,11.000000127156575,0.0,11.0,0.9333333333333333
frequency,outer3,3,76,b943,60,21.008206367492676,1.0,21.0,0.8
frequency,outer3,3,76,b974,60,12.0,0.0,12.0,0.9333333333333333
frequency,outer3,3,76,b97b,60,29.076454893747965,2.5,32.5,0.7166666666666667
frequency,outer3,3,76,bc2c,60,84.34602254231771,29.5,90.0,0.18333333333333332
frequency,outer4,4,70,b7fd,60,56.34939190546672,27.0,48.5,0.4
frequency,outer4,4,70,b8ed,60,42.8224684715271,15.0,38.5,0.55
frequency,outer4,4,70,b979,60,61.968071619669594,23.5,68.0,0.25
frequency,outer4,4,70,baa9,60,6.0,0.0,6.0,0.9666666666666667
frequency,outer4,4,70,bb26,60,67.30840682983398,29.0,66.5,0.31666666666666665
frequency,outer4,4,71,b7fd,60,50.61472732226054,25.0,44.5,0.4
frequency,outer4,4,71,b8ed,60,36.50591783523559,12.5,32.5,0.5833333333333334
frequency,outer4,4,71,b979,60,67.18015817006429,18.5,82.5,0.26666666666666666
frequency,outer4,4,71,baa9,60,3.0,0.0,3.0,0.9833333333333333
frequency,outer4,4,71,bb26,60,74.87572301228842,36.5,71.5,0.21666666666666667
frequency,outer4,4,72,b7fd,60,51.93467067082723,27.5,46.5,0.45
frequency,outer4,4,72,b8ed,60,42.744538164138795,14.0,39.5,0.5666666666666667
frequency,outer4,4,72,b979,60,65.698273452123,22.0,75.5,0.26666666666666666
frequency,outer4,4,72,baa9,60,9.0,0.0,9.0,0.95
frequency,outer4,4,72,bb26,60,79.75524142583211,38.5,75.5,0.26666666666666666
frequency,outer4,4,73,b7fd,60,51.48992273012797,23.0,48.0,0.43333333333333335
frequency,outer4,4,73,b8ed,60,38.898289648691815,14.5,35.5,0.55
frequency,outer4,4,73,b979,60,62.14615637461345,20.0,78.0,0.18333333333333332
frequency,outer4,4,73,baa9,60,3.0,0.0,3.0,0.9833333333333333
frequency,outer4,4,73,bb26,60,71.63761843045553,28.5,71.5,0.25
frequency,outer4,4,74,b7fd,60,54.27574667930603,23.0,53.0,0.36666666666666664
frequency,outer4,4,74,b8ed,60,33.71337779362997,11.5,32.0,0.65
frequency,outer4,4,74,b979,60,72.40342400868734,30.5,87.0,0.16666666666666666
frequency,outer4,4,74,baa9,60,3.0,0.0,3.0,0.9833333333333333
frequency,outer4,4,74,bb26,60,77.26317618687948,31.5,80.0,0.2
frequency,outer4,4,75,b7fd,60,60.276817846298215,28.5,51.0,0.4
frequency,outer4,4,75,b8ed,60,46.479679870605466,15.0,45.5,0.5166666666666667
frequency,outer4,4,75,b979,60,73.44027786254883,27.5,75.0,0.18333333333333332
frequency,outer4,4,75,baa9,60,0.0,0.0,0.0,1.0
frequency,outer4,4,75,bb26,60,72.93496885299683,32.5,69.5,0.23333333333333334
frequency,outer4,4,76,b7fd,60,46.110693248112995,23.5,38.5,0.4666666666666667
frequency,outer4,4,76,b8ed,60,44.843165493011476,14.5,40.0,0.5
frequency,outer4,4,76,b979,60,67.06021518707276,22.0,81.0,0.16666666666666666
frequency,outer4,4,76,baa9,60,3.0,0.0,3.0,0.9833333333333333
frequency,outer4,4,76,bb26,60,75.37036511103312,35.5,73.5,0.31666666666666665
rect_ifft,id,0,70,b7c1,10,18.0,0.0,18.0,0.9
rect_ifft,id,0,70,b7fd,10,58.27771224975586,18.0,51.0,0.6
rect_ifft,id,0,70,b80b,10,27.718075561523438,0.0,30.0,0.8
rect_ifft,id,0,70,b812,10,0.0,0.0,0.0,1.0
rect_ifft,id,0,70,b827,10,18.0,0.0,18.0,0.9
rect_ifft,id,0,70,b871,10,18.0,0.0,18.0,0.9
rect_ifft,id,0,70,b8ed,10,13.487094974517822,0.0,15.0,0.8
rect_ifft,id,0,70,b905,10,20.59050750732422,0.0,21.0,0.8
rect_ifft,id,0,70,b943,10,18.0,0.0,18.0,0.9
rect_ifft,id,0,70,b974,10,20.59050750732422,0.0,21.0,0.8
rect_ifft,id,0,70,b979,10,78.10449733734131,45.0,60.0,0.1
rect_ifft,id,0,70,b97b,10,18.0,0.0,18.0,0.9
rect_ifft,id,0,70,b9e6,10,18.00000114440918,0.0,18.0,0.8
rect_ifft,id,0,70,ba0f,10,108.2089973449707,39.0,111.0,0.3
rect_ifft,id,0,70,baa9,10,0.0,0.0,0.0,1.0
rect_ifft,id,0,70,bb26,10,92.28192749023438,42.0,90.0,0.1
rect_ifft,id,0,70,bb7c,10,15.000000953674316,0.0,15.0,0.8
rect_ifft,id,0,70,bb7d,10,85.12286338806152,36.0,90.0,0.3
rect_ifft,id,0,70,bbc6,10,47.131781578063965,18.0,42.0,0.3
rect_ifft,id,0,70,bc2c,10,70.83356504440307,18.0,99.0,0.1
rect_ifft,id,0,71,b7c1,10,12.000000762939454,0.0,12.0,0.9
rect_ifft,id,0,71,b7fd,10,47.821466255187985,12.0,57.0,0.5
rect_ifft,id,0,71,b80b,10,30.868218994140626,6.0,30.0,0.8
rect_ifft,id,0,71,b812,10,18.0,0.0,18.0,0.9
rect_ifft,id,0,71,b827,10,23.775818634033204,0.0,33.0,0.7
rect_ifft,id,0,71,b871,10,18.0,0.0,18.0,0.9
rect_ifft,id,0,71,b8ed,10,24.000001525878908,0.0,36.0,0.7
rect_ifft,id,0,71,b905,10,26.281924438476562,6.0,24.0,0.8
rect_ifft,id,0,71,b943,10,18.0,0.0,18.0,0.9
rect_ifft,id,0,71,b974,10,18.0,0.0,18.0,0.9
rect_ifft,id,0,71,b979,10,73.71505784988403,33.0,81.0,0.1
rect_ifft,id,0,71,b97b,10,34.51290588378906,12.0,33.0,0.8
rect_ifft,id,0,71,b9e6,10,18.00000114440918,0.0,18.0,0.8
rect_ifft,id,0,71,ba0f,10,73.24546318054199,39.0,51.0,0.4
rect_ifft,id,0,71,baa9,10,48.868218994140626,6.0,48.0,0.7
rect_ifft,id,0,71,bb26,10,98.53656730651855,54.0,84.0,0.2
rect_ifft,id,0,71,bb7c,10,24.000001525878908,0.0,30.0,0.7
rect_ifft,id,0,71,bb7d,10,91.99108200073242,48.0,78.0,0.3
rect_ifft,id,0,71,bbc6,10,49.48709192276001,12.0,39.0,0.4
rect_ifft,id,0,71,bc2c,10,59.281927013397215,30.0,69.0,0.1
rect_ifft,id,0,72,b7c1,10,6.000000381469727,0.0,6.0,0.9
rect_ifft,id,0,72,b7fd,10,36.124981212615964,18.0,27.0,0.4
rect_ifft,id,0,72,b80b,10,18.0,0.0,18.0,0.9
rect_ifft,id,0,72,b812,10,0.0,0.0,0.0,1.0
rect_ifft,id,0,72,b827,10,0.0,0.0,0.0,1.0
rect_ifft,id,0,72,b871,10,18.0,0.0,18.0,0.9
rect_ifft,id,0,72,b8ed,10,14.99999942779541,3.0,12.0,0.8
rect_ifft,id,0,72,b905,10,5.131781005859375,0.0,6.0,0.9
rect_ifft,id,0,72,b943,10,36.0,0.0,36.0,0.8
rect_ifft,id,0,72,b974,10,0.0,0.0,0.0,1.0
rect_ifft,id,0,72,b979,10,60.10827903747558,24.0,81.0,0.1
rect_ifft,id,0,72,b97b,10,12.868218994140625,12.0,6.0,0.9
rect_ifft,id,0,72,b9e6,10,18.00000114440918,0.0,18.0,0.8
rect_ifft,id,0,72,ba0f,10,67.09240207672119,36.0,51.0,0.4
rect_ifft,id,0,72,baa9,10,18.0,0.0,18.0,0.9
rect_ifft,id,0,72,bb26,10,85.66305122375488,42.0,81.0,0.2
rect_ifft,id,0,72,bb7c,10,0.0,0.0,0.0,1.0
rect_ifft,id,0,72,bb7d,10,72.08084602355957,36.0,69.0,0.2
rect_ifft,id,0,72,bbc6,10,52.94581937789917,18.0,42.0,0.3
rect_ifft,id,0,72,bc2c,10,84.57065181732177,36.0,90.0,0.1
rect_ifft,id,0,73,b7c1,10,0.0,0.0,0.0,1.0
rect_ifft,id,0,73,b7fd,10,58.30178422927857,18.0,51.0,0.3
rect_ifft,id,0,73,b80b,10,27.718075561523438,0.0,30.0,0.8
rect_ifft,id,0,73,b812,10,18.0,0.0,18.0,0.9
rect_ifft,id,0,73,b827,10,18.0,0.0,18.0,0.9
rect_ifft,id,0,73,b871,10,36.0,0.0,36.0,0.8
rect_ifft,id,0,73,b8ed,10,12.000000762939454,0.0,12.0,0.9
rect_ifft,id,0,73,b905,10,20.59050750732422,0.0,21.0,0.8
rect_ifft,id,0,73,b943,10,20.59050750732422,0.0,21.0,0.8
rect_ifft,id,0,73,b974,10,6.645188903808593,6.0,3.0,0.9
rect_ifft,id,0,73,b979,10,87.76657180786133,54.0,69.0,0.1
rect_ifft,id,0,73,b97b,10,18.0,0.0,18.0,0.9
rect_ifft,id,0,73,b9e6,10,18.00000114440918,0.0,18.0,0.8
rect_ifft,id,0,73,ba0f,10,87.24125061035156,45.0,66.0,0.3
rect_ifft,id,0,73,baa9,10,18.0,0.0,18.0,0.9
rect_ifft,id,0,73,bb26,10,92.04258365631104,48.0,69.0,0.1
rect_ifft,id,0,73,bb7c,10,24.000001525878908,0.0,30.0,0.8
rect_ifft,id,0,73,bb7d,10,91.12286376953125,36.0,108.0,0.2
rect_ifft,id,0,73,bbc6,10,42.43655805587768,21.0,27.0,0.3
rect_ifft,id,0,73,bc2c,10,72.98014392852784,24.0,96.0,0.2
rect_ifft,id,0,74,b7c1,10,6.000000381469727,0.0,6.0,0.9
rect_ifft,id,0,74,b7fd,10,35.946446323394774,12.0,36.0,0.4
rect_ifft,id,0,74,b80b,10,18.0,0.0,18.0,0.9
rect_ifft,id,0,74,b812,10,18.0,0.0,18.0,0.9
rect_ifft,id,0,74,b827,10,15.000000381469727,0.0,15.0,0.8
rect_ifft,id,0,74,b871,10,36.0,0.0,36.0,0.8
rect_ifft,id,0,74,b8ed,10,24.7180757522583,3.0,24.0,0.7
rect_ifft,id,0,74,b905,10,18.0,0.0,18.0,0.9
rect_ifft,id,0,74,b943,10,30.000000762939454,0.0,36.0,0.8
rect_ifft,id,0,74,b974,10,23.131781005859374,0.0,24.0,0.8
rect_ifft,id,0,74,b979,10,61.36892604827881,24.0,69.0,0.1
rect_ifft,id,0,74,b97b,10,30.000000762939454,12.0,18.0,0.8
rect_ifft,id,0,74,b9e6,10,12.000000762939454,0.0,12.0,0.8
rect_ifft,id,0,74,ba0f,10,98.06803588867187,45.0,93.0,0.4
rect_ifft,id,0,74,baa9,10,18.0,0.0,18.0,0.9
rect_ifft,id,0,74,bb26,10,74.61737823486328,30.0,84.0,0.3
rect_ifft,id,0,74,bb7c,10,12.000000762939454,0.0,12.0,0.9
rect_ifft,id,0,74,bb7d,10,86.53656768798828,36.0,102.0,0.2
rect_ifft,id,0,74,bbc6,10,39.458723831176755,12.0,33.0,0.5
rect_ifft,id,0,74,bc2c,10,89.92546310424805,24.0,123.0,0.1
rect_ifft,id,0,75,b7c1,10,12.000000762939454,0.0,12.0,0.9
rect_ifft,id,0,75,b7fd,10,48.354232215881346,18.0,39.0,0.4
rect_ifft,id,0,75,b80b,10,18.0,0.0,18.0,0.9
rect_ifft,id,0,75,b812,10,18.0,0.0,18.0,0.9
rect_ifft,id,0,75,b827,10,18.0,0.0,18.0,0.9
rect_ifft,id,0,75,b871,10,36.0,0.0,36.0,0.8
rect_ifft,id,0,75,b8ed,10,27.71807746887207,0.0,42.0,0.7
rect_ifft,id,0,75,b905,10,26.281924438476562,6.0,24.0,0.8
rect_ifft,id,0,75,b943,10,18.0,0.0,18.0,0.9
rect_ifft,id,0,75,b974,10,8.281924438476562,6.0,6.0,0.9
rect_ifft,id,0,75,b979,10,78.92793807983398,33.0,93.0,0.0
rect_ifft,id,0,75,b97b,10,33.104498291015624,12.0,30.0,0.8
rect_ifft,id,0,75,b9e6,10,18.00000114440918,0.0,18.0,0.8
rect_ifft,id,0,75,ba0f,10,95.81468811035157,33.0,90.0,0.2
rect_ifft,id,0,75,baa9,10,18.0,0.0,18.0,0.9
rect_ifft,id,0,75,bb26,10,75.15129585266114,42.0,66.0,0.2
rect_ifft,id,0,75,bb7c,10,6.000000381469727,0.0,6.0,0.9
rect_ifft,id,0,75,bb7d,10,75.32753105163575,24.0,87.0,0.4
rect_ifft,id,0,75,bbc6,10,29.99999885559082,6.0,36.0,0.5
rect_ifft,id,0,75,bc2c,10,83.50610637664795,36.0,78.0,0.2
rect_ifft,id,0,76,b7c1,10,22.447751617431642,6.0,21.0,0.8
rect_ifft,id,0,76,b7fd,10,50.09661350250244,30.0,33.0,0.3
rect_ifft,id,0,76,b80b,10,48.868218994140626,6.0,48.0,0.7
rect_ifft,id,0,76,b812,10,0.0,0.0,0.0,1.0
rect_ifft,id,0,76,b827,10,18.00000114440918,0.0,18.0,0.8
rect_ifft,id,0,76,b871,10,38.59050750732422,0.0,39.0,0.7
rect_ifft,id,0,76,b8ed,10,18.00000114440918,0.0,18.0,0.8
rect_ifft,id,0,76,b905,10,18.0,0.0,18.0,0.9
rect_ifft,id,0,76,b943,10,32.59050827026367,0.0,39.0,0.7
rect_ifft,id,0,76,b974,10,2.590509033203125,0.0,3.0,0.9
rect_ifft,id,0,76,b979,10,55.71505784988403,21.0,75.0,0.1
rect_ifft,id,0,76,b97b,10,30.224180603027342,12.0,21.0,0.8
rect_ifft,id,0,76,b9e6,10,18.00000114440918,0.0,18.0,0.8
rect_ifft,id,0,76,ba0f,10,84.54983291625976,42.0,63.0,0.2
rect_ifft,id,0,76,baa9,10,48.868218994140626,6.0,48.0,0.7
rect_ifft,id,0,76,bb26,10,68.04672975540161,36.0,60.0,0.3
rect_ifft,id,0,76,bb7c,10,30.000001907348633,0.0,36.0,0.7
rect_ifft,id,0,76,bb7d,10,108.000004196167,36.0,114.0,0.2
rect_ifft,id,0,76,bbc6,10,45.30858116149902,6.0,54.0,0.3
rect_ifft,id,0,76,bc2c,10,80.3077392578125,36.0,99.0,0.1
rect_ifft,outer1,1,70,b827,60,21.640962855021158,3.5,24.0,0.8
rect_ifft,outer1,1,70,b871,60,22.431751696268716,1.0,21.5,0.8166666666666667
rect_ifft,outer1,1,70,b905,60,18.144703928629557,1.0,19.0,0.85
rect_ifft,outer1,1,70,bb7d,60,89.65503765741984,48.5,79.5,0.15
rect_ifft,outer1,1,70,bbc6,60,57.986850086847944,25.5,50.0,0.45
rect_ifft,outer1,1,71,b827,60,10.431751251220703,1.0,11.5,0.8666666666666667
rect_ifft,outer1,1,71,b871,60,24.380320866902668,1.0,24.0,0.8333333333333334
rect_ifft,outer1,1,71,b905,60,12.403411897023519,2.0,11.5,0.8666666666666667
rect_ifft,outer1,1,71,bb7d,60,91.68391338984172,51.0,83.0,0.16666666666666666
rect_ifft,outer1,1,71,bbc6,60,52.66396266619365,25.5,47.5,0.48333333333333334
rect_ifft,outer1,1,72,b827,60,14.863502629597981,0.0,15.0,0.8833333333333333
rect_ifft,outer1,1,72,b871,60,18.000000190734863,0.0,18.0,0.8833333333333333
rect_ifft,outer1,1,72,b905,60,18.500000508626304,1.0,17.5,0.8166666666666667
rect_ifft,outer1,1,72,bb7d,60,85.41044243176778,46.0,81.0,0.13333333333333333
rect_ifft,outer1,1,72,bbc6,60,54.83460831642151,25.5,43.5,0.55
rect_ifft,outer1,1,73,b827,60,15.287047640482585,1.5,14.0,0.8166666666666667
rect_ifft,outer1,1,73,b871,60,19.162120215098064,4.0,18.5,0.8333333333333334
rect_ifft,outer1,1,73,b905,60,16.896938673655193,5.0,14.0,0.85
rect_ifft,outer1,1,73,bb7d,60,92.46233622233073,52.5,76.5,0.15
rect_ifft,outer1,1,73,bbc6,60,55.981045198440555,27.0,47.5,0.5
rect_ifft,outer1,1,74,b827,60,22.287048403422038,1.0,24.5,0.8
rect_ifft,outer1,1,74,b871,60,16.004103056589763,1.0,15.5,0.8666666666666667
rect_ifft,outer1,1,74,b905,60,24.289407157897948,2.0,25.0,0.8333333333333334
rect_ifft,outer1,1,74,bb7d,60,90.58505177497864,51.0,82.0,0.16666666666666666
rect_ifft,outer1,1,74,bbc6,60,46.08318748474121,21.5,42.5,0.5166666666666667
rect_ifft,outer1,1,75,b827,60,17.684785556793212,3.5,18.5,0.8
rect_ifft,outer1,1,75,b871,60,16.86350294748942,0.0,17.0,0.85
rect_ifft,outer1,1,75,b905,60,12.107531801859539,1.0,11.5,0.8833333333333333
rect_ifft,outer1,1,75,bb7d,60,89.21676573753356,45.5,85.0,0.15
rect_ifft,outer1,1,75,bbc6,60,59.051641861597695,23.5,53.5,0.4666666666666667
rect_ifft,outer1,1,76,b827,60,16.03489696184794,0.5,16.0,0.8333333333333334
rect_ifft,outer1,1,76,b871,60,21.287048212687175,0.0,21.5,0.8333333333333334
rect_ifft,outer1,1,76,b905,60,20.169727929433186,3.0,19.5,0.8333333333333334
rect_ifft,outer1,1,76,bb7d,60,91.96979358990987,50.0,85.5,0.11666666666666667
rect_ifft,outer1,1,76,bbc6,60,47.93398677508036,18.5,45.0,0.5166666666666667
rect_ifft,outer2,2,70,b7c1,60,6.000000254313151,0.0,6.0,0.95
rect_ifft,outer2,2,70,b80b,60,9.0,0.0,9.0,0.95
rect_ifft,outer2,2,70,b9e6,60,15.619679768880209,1.0,17.0,0.8666666666666667
rect_ifft,outer2,2,70,ba0f,60,66.25281217892964,26.0,68.0,0.3333333333333333
rect_ifft,outer2,2,70,bb7c,60,21.32430386543274,1.5,23.0,0.8166666666666667
rect_ifft,outer2,2,71,b7c1,60,19.43175131479899,0.0,19.5,0.8666666666666667
rect_ifft,outer2,2,71,b80b,60,0.0,0.0,0.0,1.0
rect_ifft,outer2,2,71,b9e6,60,7.000000254313151,0.0,8.0,0.9333333333333333
rect_ifft,outer2,2,71,ba0f,60,55.92816071510315,18.0,63.0,0.4166666666666667
rect_ifft,outer2,2,71,bb7c,60,15.121911748250325,0.5,16.0,0.8833333333333333
rect_ifft,outer2,2,72,b7c1,60,17.000000381469725,0.0,17.0,0.8833333333333333
rect_ifft,outer2,2,72,b80b,60,3.0,0.0,3.0,0.9833333333333333
rect_ifft,outer2,2,72,b9e6,60,16.000000445048013,0.0,18.0,0.8833333333333333
rect_ifft,outer2,2,72,ba0f,60,67.72950177192688,24.0,75.5,0.36666666666666664
rect_ifft,outer2,2,72,bb7c,60,23.646935844421385,4.5,22.0,0.8166666666666667
rect_ifft,outer2,2,73,b7c1,60,20.88032112121582,1.0,23.5,0.8333333333333334
rect_ifft,outer2,2,73,b80b,60,14.000000127156575,0.0,16.0,0.9
rect_ifft,outer2,2,73,b9e6,60,17.892468706766763,0.0,19.5,0.8666666666666667
rect_ifft,outer2,2,73,ba0f,60,68.1983692963918,27.5,70.0,0.31666666666666665
rect_ifft,outer2,2,73,bb7c,60,26.38032118479411,3.0,27.0,0.7833333333333333
rect_ifft,outer2,2,74,b7c1,60,21.378387705485025,0.0,22.0,0.85
rect_ifft,outer2,2,74,b80b,60,10.000000063578288,0.0,12.0,0.9333333333333333
rect_ifft,outer2,2,74,b9e6,60,12.000000381469727,0.0,14.0,0.9
rect_ifft,outer2,2,74,ba0f,60,73.61260205904642,21.5,83.5,0.25
rect_ifft,outer2,2,74,bb7c,60,19.735617764790852,3.5,20.0,0.85
rect_ifft,outer2,2,75,b7c1,60,18.000000445048013,1.0,17.0,0.8666666666666667
rect_ifft,outer2,2,75,b80b,60,3.0,0.0,3.0,0.9833333333333333
rect_ifft,outer2,2,75,b9e6,60,18.000000381469725,0.0,20.0,0.8666666666666667
rect_ifft,outer2,2,75,ba0f,60,73.071164560318,26.5,75.5,0.35
rect_ifft,outer2,2,75,bb7c,60,27.175780264536538,3.5,26.0,0.8
rect_ifft,outer2,2,76,b7c1,60,16.85529727935791,0.0,18.0,0.8833333333333333
rect_ifft,outer2,2,76,b80b,60,6.0,0.0,6.0,0.9666666666666667
rect_ifft,outer2,2,76,b9e6,60,20.000000508626304,1.0,21.0,0.85
rect_ifft,outer2,2,76,ba0f,60,64.59010434150696,21.5,75.5,0.36666666666666664
rect_ifft,outer2,2,76,bb7c,60,22.363502724965414,1.5,22.0,0.8166666666666667
rect_ifft,outer3,3,70,b812,60,11.619679514567057,0.0,12.0,0.9166666666666666
rect_ifft,outer3,3,70,b943,60,20.64470338821411,1.5,20.0,0.85
rect_ifft,outer3,3,70,b974,60,17.23561757405599,1.0,17.0,0.8833333333333333
rect_ifft,outer3,3,70,b97b,60,22.9175759156545,7.0,19.5,0.75
rect_ifft,outer3,3,70,bc2c,60,81.75049077669779,32.5,86.0,0.16666666666666666
rect_ifft,outer3,3,71,b812,60,10.000000127156575,0.0,10.0,0.9333333333333333
rect_ifft,outer3,3,71,b943,60,21.7643829981486,2.0,21.0,0.8333333333333334
rect_ifft,outer3,3,71,b974,60,15.0,0.0,15.0,0.9166666666666666
rect_ifft,outer3,3,71,b97b,60,28.7728732585907,6.0,29.5,0.7
rect_ifft,outer3,3,71,bc2c,60,89.40984522501627,33.5,98.0,0.15
rect_ifft,outer3,3,72,b812,60,8.000000127156575,0.0,8.0,0.95
rect_ifft,outer3,3,72,b943,60,18.551430733998618,0.5,18.5,0.8166666666666667
rect_ifft,outer3,3,72,b974,60,9.0,0.0,9.0,0.95
rect_ifft,outer3,3,72,b97b,60,25.119679419199624,2.5,26.0,0.7333333333333333
rect_ifft,outer3,3,72,bc2c,60,82.57460869153341,28.5,92.0,0.15
rect_ifft,outer3,3,73,b812,60,12.431751251220703,0.0,12.5,0.9166666666666666
rect_ifft,outer3,3,73,b943,60,23.11967922846476,0.5,23.0,0.8166666666666667
rect_ifft,outer3,3,73,b974,60,19.380320739746093,1.0,19.0,0.8833333333333333
rect_ifft,outer3,3,73,b97b,60,20.35529661178589,4.5,20.0,0.7833333333333333
rect_ifft,outer3,3,73,bc2c,60,82.43556054433186,30.0,84.0,0.21666666666666667
rect_ifft,outer3,3,74,b812,60,15.000000190734863,0.0,15.0,0.9
rect_ifft,outer3,3,74,b943,60,25.144703356424966,3.0,25.0,0.7833333333333333
rect_ifft,outer3,3,74,b974,60,15.0,0.0,15.0,0.9166666666666666
rect_ifft,outer3,3,74,b97b,60,38.003820721308394,3.0,46.0,0.6
rect_ifft,outer3,3,74,bc2c,60,73.18073760668436,27.5,78.5,0.2
rect_ifft,outer3,3,75,b812,60,11.000000127156575,0.0,11.0,0.9333333333333333
rect_ifft,outer3,3,75,b943,60,11.962828636169434,1.0,11.5,0.8666666666666667
rect_ifft,outer3,3,75,b974,60,12.0,0.0,12.0,0.9333333333333333
rect_ifft,outer3,3,75,b97b,60,25.962828540802,3.0,28.5,0.7333333333333333
rect_ifft,outer3,3,75,bc2c,60,83.11179625193277,29.0,89.5,0.2
rect_ifft,outer3,3,76,b812,60,15.0,0.0,15.0,0.9166666666666666
rect_ifft,outer3,3,76,b943,60,22.252234840393065,4.0,19.5,0.7833333333333333
rect_ifft,outer3,3,76,b974,60,18.431751251220703,0.0,18.5,0.8833333333333333
rect_ifft,outer3,3,76,b97b,60,39.080840237935384,9.5,40.5,0.6
rect_ifft,outer3,3,76,bc2c,60,81.05616617202759,30.0,88.0,0.21666666666666667
rect_ifft,outer4,4,70,b7fd,60,61.26363938649495,26.0,60.0,0.3333333333333333
rect_ifft,outer4,4,70,b8ed,60,53.878047402699785,21.0,51.5,0.48333333333333334
rect_ifft,outer4,4,70,b979,60,74.87994100252787,28.0,87.0,0.1
rect_ifft,outer4,4,70,baa9,60,1.3803207397460937,1.0,1.0,0.9833333333333333
rect_ifft,outer4,4,70,bb26,60,75.95914710362753,29.0,79.5,0.23333333333333334
rect_ifft,outer4,4,71,b7fd,60,72.58005706469218,29.0,72.5,0.18333333333333332
rect_ifft,outer4,4,71,b8ed,60,51.30007969538371,16.5,52.5,0.48333333333333334
rect_ifft,outer4,4,71,b979,60,63.05744833946228,18.5,76.0,0.2
rect_ifft,outer4,4,71,baa9,60,0.0,0.0,0.0,1.0
rect_ifft,outer4,4,71,bb26,60,82.37164546648661,33.0,87.0,0.21666666666666667
rect_ifft,outer4,4,72,b7fd,60,57.43507693608602,22.0,60.5,0.36666666666666664
rect_ifft,outer4,4,72,b8ed,60,44.20138141314189,17.5,41.5,0.4666666666666667
rect_ifft,outer4,4,72,b979,60,70.4237383365631,25.0,82.5,0.16666666666666666
rect_ifft,outer4,4,72,baa9,60,0.0,0.0,0.0,1.0
rect_ifft,outer4,4,72,bb26,60,75.82760388056437,31.0,77.0,0.25
rect_ifft,outer4,4,73,b7fd,60,67.24612890879312,28.5,59.0,0.3333333333333333
rect_ifft,outer4,4,73,b8ed,60,42.29822031656901,13.5,45.0,0.5833333333333334
rect_ifft,outer4,4,73,b979,60,71.20627037684123,18.5,91.0,0.23333333333333334
rect_ifft,outer4,4,73,baa9,60,3.0,0.0,3.0,0.9833333333333333
rect_ifft,outer4,4,73,bb26,60,73.8238608678182,36.0,69.0,0.3
rect_ifft,outer4,4,74,b7fd,60,68.90815103848776,27.5,66.5,0.25
rect_ifft,outer4,4,74,b8ed,60,46.29360160827637,11.0,52.0,0.5333333333333333
rect_ifft,outer4,4,74,b979,60,71.62520337104797,25.5,83.0,0.16666666666666666
rect_ifft,outer4,4,74,baa9,60,3.431751251220703,0.0,3.5,0.9666666666666667
rect_ifft,outer4,4,74,bb26,60,78.04510243733723,37.0,74.0,0.23333333333333334
rect_ifft,outer4,4,75,b7fd,60,65.32666405042012,22.5,72.0,0.3
rect_ifft,outer4,4,75,b8ed,60,54.708189996083576,23.0,50.5,0.4166666666666667
rect_ifft,outer4,4,75,b979,60,72.85693140029908,32.0,72.5,0.2
rect_ifft,outer4,4,75,baa9,60,6.0,0.0,6.0,0.9666666666666667
rect_ifft,outer4,4,75,bb26,60,75.76514892578125,34.0,75.0,0.21666666666666667
rect_ifft,outer4,4,76,b7fd,60,64.0857378323873,29.0,58.0,0.26666666666666666
rect_ifft,outer4,4,76,b8ed,60,48.147919702529904,15.5,51.5,0.48333333333333334
rect_ifft,outer4,4,76,b979,60,67.0600562731425,29.0,70.0,0.23333333333333334
rect_ifft,outer4,4,76,baa9,60,3.0,0.0,3.0,0.9833333333333333
rect_ifft,outer4,4,76,bb26,60,70.53972646395366,33.0,66.0,0.26666666666666666
frequency_minus_rect_ifft,id,0,70,b7c1,10,1.1444091796875e-06,0.0,0.0,-0.1
frequency_minus_rect_ifft,id,0,70,b7fd,10,-30.508693599700926,-12.0,-24.0,0.1
frequency_minus_rect_ifft,id,0,70,b80b,10,-9.718075561523438,0.0,-12.0,0.1
frequency_minus_rect_ifft,id,0,70,b812,10,0.0,0.0,0.0,0.0
frequency_minus_rect_ifft,id,0,70,b827,10,-18.0,0.0,-18.0,0.1
frequency_minus_rect_ifft,id,0,70,b871,10,0.0,0.0,0.0,0.0
frequency_minus_rect_ifft,id,0,70,b8ed,10,20.230982875823976,0.0,33.0,-0.2
frequency_minus_rect_ifft,id,0,70,b905,10,0.0,0.0,0.0,0.0
frequency_minus_rect_ifft,id,0,70,b943,10,0.0,0.0,0.0,0.0
frequency_minus_rect_ifft,id,0,70,b974,10,-15.458726501464843,0.0,-15.0,0.1
frequency_minus_rect_ifft,id,0,70,b979,10,6.396754455566406,0.0,21.0,0.0
frequency_minus_rect_ifft,id,0,70,b97b,10,17.35596160888672,12.0,9.0,-0.2
frequency_minus_rect_ifft,id,0,70,b9e6,10,-6.000000381469727,0.0,-6.0,0.0
frequency_minus_rect_ifft,id,0,70,ba0f,10,-12.091103267669677,0.0,-21.0,-0.2
frequency_minus_rect_ifft,id,0,70,baa9,10,0.0,0.0,0.0,0.0
frequency_minus_rect_ifft,id,0,70,bb26,10,-20.027284240722658,-6.0,-18.0,0.2
frequency_minus_rect_ifft,id,0,70,bb7c,10,-9.00000057220459,0.0,-9.0,0.1
frequency_minus_rect_ifft,id,0,70,bb7d,10,8.281924438476562,6.0,6.0,-0.1
frequency_minus_rect_ifft,id,0,70,bbc6,10,-7.263563919067383,-3.0,-12.0,0.2
frequency_minus_rect_ifft,id,0,70,bc2c,10,-8.20517053604126,6.0,-18.0,0.1
frequency_minus_rect_ifft,id,0,71,b7c1,10,-6.000000381469727,0.0,-6.0,0.0
frequency_minus_rect_ifft,id,0,71,b7fd,10,-16.51225757598877,6.0,-36.0,0.0
frequency_minus_rect_ifft,id,0,71,b80b,10,5.131781005859375,-6.0,6.0,0.0
frequency_minus_rect_ifft,id,0,71,b812,10,0.0,0.0,0.0,0.0
frequency_minus_rect_ifft,id,0,71,b827,10,-5.775818634033203,0.0,-15.0,0.2
frequency_minus_rect_ifft,id,0,71,b871,10,0.0,0.0,0.0,0.0
frequency_minus_rect_ifft,id,0,71,b8ed,10,6.000000381469727,0.0,12.0,0.0
frequency_minus_rect_ifft,id,0,71,b905,10,-5.691416931152344,-6.0,-3.0,0.0
frequency_minus_rect_ifft,id,0,71,b943,10,15.458726501464843,6.0,15.0,-0.2
frequency_minus_rect_ifft,id,0,71,b974,10,-18.0,0.0,-18.0,0.1
frequency_minus_rect_ifft,id,0,71,b979,10,-15.346131420135498,-12.0,-12.0,0.0
frequency_minus_rect_ifft,id,0,71,b97b,10,-16.512905883789063,-12.0,-15.0,0.1
frequency_minus_rect_ifft,id,0,71,b9e6,10,-6.000000381469727,0.0,-6.0,0.0
frequency_minus_rect_ifft,id,0,71,ba0f,10,10.55404224395752,6.0,12.0,-0.2
frequency_minus_rect_ifft,id,0,71,baa9,10,-12.868218994140625,-6.0,-12.0,0.1
frequency_minus_rect_ifft,id,0,71,bb26,10,-6.341202163696289,-3.0,-9.0,0.1
frequency_minus_rect_ifft,id,0,71,bb7c,10,-12.000000762939454,0.0,-18.0,0.2
frequency_minus_rect_ifft,id,0,71,bb7d,10,-4.27771110534668,-12.0,15.0,-0.1
frequency_minus_rect_ifft,id,0,71,bbc6,10,-10.487094593048095,-6.0,-6.0,0.2
frequency_minus_rect_ifft,id,0,71,bc2c,10,-3.4208985328674317,0.0,-3.0,0.1
frequency_minus_rect_ifft,id,0,72,b7c1,10,18.00000114440918,6.0,12.0,-0.2
frequency_minus_rect_ifft,id,0,72,b7fd,10,1.4388693809509276,-6.0,12.0,0.1
frequency_minus_rect_ifft,id,0,72,b80b,10,0.0,0.0,0.0,0.0
frequency_minus_rect_ifft,id,0,72,b812,10,0.0,0.0,0.0,0.0
frequency_minus_rect_ifft,id,0,72,b827,10,3.0000001907348635,3.0,0.0,-0.1
frequency_minus_rect_ifft,id,0,72,b871,10,-18.0,0.0,-18.0,0.1
frequency_minus_rect_ifft,id,0,72,b8ed,10,11.590509605407714,-3.0,27.0,-0.2
frequency_minus_rect_ifft,id,0,72,b905,10,15.458726501464843,0.0,15.0,-0.1
frequency_minus_rect_ifft,id,0,72,b943,10,-18.0,0.0,-18.0,0.1
frequency_minus_rect_ifft,id,0,72,b974,10,23.131781005859374,0.0,24.0,-0.2
frequency_minus_rect_ifft,id,0,72,b979,10,9.034695816040038,9.0,-3.0,0.0
frequency_minus_rect_ifft,id,0,72,b97b,10,13.413705444335937,-6.0,18.0,-0.1
frequency_minus_rect_ifft,id,0,72,b9e6,10,-6.000000381469727,0.0,-6.0,0.0
frequency_minus_rect_ifft,id,0,72,ba0f,10,6.48173770904541,12.0,-3.0,-0.2
frequency_minus_rect_ifft,id,0,72,baa9,10,0.0,0.0,0.0,0.0
frequency_minus_rect_ifft,id,0,72,bb26,10,-0.7948299407958984,-6.0,-3.0,0.1
frequency_minus_rect_ifft,id,0,72,bb7c,10,18.00000114440918,0.0,18.0,-0.2
frequency_minus_rect_ifft,id,0,72,bb7d,10,13.042017364501953,0.0,21.0,0.1
frequency_minus_rect_ifft,id,0,72,bbc6,10,-12.00000171661377,-6.0,-6.0,0.0
frequency_minus_rect_ifft,id,0,72,bc2c,10,-0.5706507682800293,-12.0,18.0,0.1
frequency_minus_rect_ifft,id,0,73,b7c1,10,18.00000114440918,0.0,18.0,-0.2
frequency_minus_rect_ifft,id,0,73,b7fd,10,4.234782123565674,18.0,-3.0,0.1
frequency_minus_rect_ifft,id,0,73,b80b,10,-9.718075561523438,0.0,-12.0,0.1
frequency_minus_rect_ifft,id,0,73,b812,10,-18.0,0.0,-18.0,0.1
frequency_minus_rect_ifft,id,0,73,b827,10,0.0,0.0,0.0,0.0
frequency_minus_rect_ifft,id,0,73,b871,10,-18.0,0.0,-18.0,0.1
frequency_minus_rect_ifft,id,0,73,b8ed,10,21.718077087402342,6.0,30.0,-0.3
frequency_minus_rect_ifft,id,0,73,b905,10,2.541273498535156,0.0,3.0,0.0
frequency_minus_rect_ifft,id,0,73,b943,10,-2.5905075073242188,0.0,-3.0,0.1
frequency_minus_rect_ifft,id,0,73,b974,10,-6.645188903808593,-6.0,-3.0,0.1
frequency_minus_rect_ifft,id,0,73,b979,10,-30.434109497070313,-33.0,3.0,0.1
frequency_minus_rect_ifft,id,0,73,b97b,10,0.0,0.0,0.0,0.0
frequency_minus_rect_ifft,id,0,73,b9e6,10,0.0,0.0,0.0,0.0
frequency_minus_rect_ifft,id,0,73,ba0f,10,-9.35855073928833,-6.0,0.0,-0.1
frequency_minus_rect_ifft,id,0,73,baa9,10,0.0,0.0,0.0,0.0
frequency_minus_rect_ifft,id,0,73,bb26,10,-13.169065570831298,-12.0,0.0,0.1
frequency_minus_rect_ifft,id,0,73,bb7c,10,-24.000001525878908,0.0,-30.0,0.2
frequency_minus_rect_ifft,id,0,73,bb7d,10,2.2819240570068358,6.0,-12.0,0.0
frequency_minus_rect_ifft,id,0,73,bbc6,10,1.0505361557006836,-15.0,30.0,0.1
frequency_minus_rect_ifft,id,0,73,bc2c,10,-9.33080701828003,6.0,-27.0,0.1
frequency_minus_rect_ifft,id,0,74,b7c1,10,12.000000762939454,0.0,12.0,-0.1
frequency_minus_rect_ifft,id,0,74,b7fd,10,3.0000001907348635,0.0,3.0,0.0
frequency_minus_rect_ifft,id,0,74,b80b,10,0.0,0.0,0.0,0.0
frequency_minus_rect_ifft,id,0,74,b812,10,0.0,0.0,0.0,0.0
frequency_minus_rect_ifft,id,0,74,b827,10,2.9999996185302735,0.0,3.0,0.1
frequency_minus_rect_ifft,id,0,74,b871,10,-18.0,0.0,-18.0,0.1
frequency_minus_rect_ifft,id,0,74,b8ed,10,-24.7180757522583,-3.0,-24.0,0.3
frequency_minus_rect_ifft,id,0,74,b905,10,0.0,0.0,0.0,0.0
frequency_minus_rect_ifft,id,0,74,b943,10,-12.000000762939454,0.0,-18.0,0.1
frequency_minus_rect_ifft,id,0,74,b974,10,3.1501434326171873,6.0,0.0,0.0
frequency_minus_rect_ifft,id,0,74,b979,10,-10.939593601226807,-6.0,-9.0,0.2
frequency_minus_rect_ifft,id,0,74,b97b,10,-10.512906551361084,-12.0,3.0,0.0
frequency_minus_rect_ifft,id,0,74,b9e6,10,6.000000381469727,0.0,6.0,0.0
frequency_minus_rect_ifft,id,0,74,ba0f,10,-8.577112579345703,6.0,-27.0,-0.2
frequency_minus_rect_ifft,id,0,74,baa9,10,0.0,0.0,0.0,0.0
frequency_minus_rect_ifft,id,0,74,bb26,10,21.682909393310545,21.0,-3.0,-0.1
frequency_minus_rect_ifft,id,0,74,bb7c,10,0.0,0.0,6.0,0.0
frequency_minus_rect_ifft,id,0,74,bb7d,10,8.350016021728516,12.0,-18.0,0.1
frequency_minus_rect_ifft,id,0,74,bbc6,10,-0.4587251663208008,-3.0,3.0,0.1
frequency_minus_rect_ifft,id,0,74,bc2c,10,-20.119359016418457,-3.0,-36.0,0.1
frequency_minus_rect_ifft,id,0,75,b7c1,10,6.000000381469727,0.0,6.0,-0.1
frequency_minus_rect_ifft,id,0,75,b7fd,10,0.33660240173339845,6.0,0.0,0.1
frequency_minus_rect_ifft,id,0,75,b80b,10,0.0,0.0,0.0,0.0
frequency_minus_rect_ifft,id,0,75,b812,10,0.0,0.0,0.0,0.0
frequency_minus_rect_ifft,id,0,75,b827,10,0.0,0.0,0.0,0.0
frequency_minus_rect_ifft,id,0,75,b871,10,-18.0,0.0,-18.0,0.1
frequency_minus_rect_ifft,id,0,75,b8ed,10,-2.8761706352233887,0.0,-12.0,0.0
frequency_minus_rect_ifft,id,0,75,b905,10,-8.281924438476562,-6.0,-6.0,0.1
frequency_minus_rect_ifft,id,0,75,b943,10,0.0,0.0,0.0,0.0
frequency_minus_rect_ifft,id,0,75,b974,10,-8.281924438476562,-6.0,-6.0,0.1
frequency_minus_rect_ifft,id,0,75,b979,10,4.7945293426513675,12.0,-15.0,0.1
frequency_minus_rect_ifft,id,0,75,b97b,10,-15.104498291015625,-12.0,-12.0,0.1
frequency_minus_rect_ifft,id,0,75,b9e6,10,0.0,0.0,0.0,0.0
frequency_minus_rect_ifft,id,0,75,ba0f,10,-21.64348907470703,0.0,-21.0,0.1
frequency_minus_rect_ifft,id,0,75,baa9,10,0.0,0.0,0.0,0.0
frequency_minus_rect_ifft,id,0,75,bb26,10,15.10334587097168,6.0,12.0,0.2
frequency_minus_rect_ifft,id,0,75,bb7c,10,8.590507888793946,0.0,9.0,-0.1
frequency_minus_rect_ifft,id,0,75,bb7d,10,14.927114486694336,12.0,9.0,-0.2
frequency_minus_rect_ifft,id,0,75,bbc6,10,27.458724594116212,6.0,27.0,-0.2
frequency_minus_rect_ifft,id,0,75,bc2c,10,0.679045295715332,-3.0,21.0,-0.1
frequency_minus_rect_ifft,id,0,76,b7c1,10,-4.447750473022461,0.0,-9.0,-0.1
frequency_minus_rect_ifft,id,0,76,b7fd,10,-1.447751808166504,-12.0,6.0,0.2
frequency_minus_rect_ifft,id,0,76,b80b,10,-30.868218994140626,-6.0,-30.0,0.2
frequency_minus_rect_ifft,id,0,76,b812,10,0.0,0.0,0.0,0.0
frequency_minus_rect_ifft,id,0,76,b827,10,-18.00000114440918,0.0,-18.0,0.2
frequency_minus_rect_ifft,id,0,76,b871,10,-20.59050750732422,0.0,-21.0,0.2
frequency_minus_rect_ifft,id,0,76,b8ed,10,-6.000000381469727,0.0,-6.0,0.0
frequency_minus_rect_ifft,id,0,76,b905,10,11.354812622070312,0.0,15.0,-0.1
frequency_minus_rect_ifft,id,0,76,b943,10,-12.000000762939454,0.0,-18.0,0.1
frequency_minus_rect_ifft,id,0,76,b974,10,15.409490966796875,0.0,15.0,0.0
frequency_minus_rect_ifft,id,0,76,b979,10,4.240161418914795,3.0,-18.0,0.0
frequency_minus_rect_ifft,id,0,76,b97b,10,-12.224180603027344,-12.0,-3.0,0.1
frequency_minus_rect_ifft,id,0,76,b9e6,10,-1.52587890625e-06,0.0,0.0,0.0
frequency_minus_rect_ifft,id,0,76,ba0f,10,-5.048579406738281,9.0,-6.0,0.0
frequency_minus_rect_ifft,id,0,76,baa9,10,-30.868218994140626,-6.0,-30.0,0.2
frequency_minus_rect_ifft,id,0,76,bb26,10,20.615673732757568,6.0,21.0,-0.1
frequency_minus_rect_ifft,id,0,76,bb7c,10,-12.000000762939454,0.0,-18.0,0.1
frequency_minus_rect_ifft,id,0,76,bb7d,10,-13.086180496215821,3.0,-27.0,0.1
frequency_minus_rect_ifft,id,0,76,bbc6,10,2.467234802246094,6.0,-3.0,0.0
frequency_minus_rect_ifft,id,0,76,bc2c,10,-9.794828987121582,-12.0,0.0,0.0
frequency_minus_rect_ifft,outer1,1,70,b827,60,-1.4864134470621744,1.5,-7.5,0.0
frequency_minus_rect_ifft,outer1,1,70,b871,60,-2.1423444112141925,1.0,-1.5,0.03333333333333333
frequency_minus_rect_ifft,outer1,1,70,b905,60,-3.0682488441467286,0.0,-4.0,0.0
frequency_minus_rect_ifft,outer1,1,70,bb7d,60,-3.195796426137288,-3.0,2.0,0.016666666666666666
frequency_minus_rect_ifft,outer1,1,70,bbc6,60,-7.733185927073161,-2.5,-5.0,0.016666666666666666
frequency_minus_rect_ifft,outer1,1,71,b827,60,19.303278589248656,7.0,13.0,-0.16666666666666666
frequency_minus_rect_ifft,outer1,1,71,b871,60,1.2817990938822428,4.0,0.0,-0.03333333333333333
frequency_minus_rect_ifft,outer1,1,71,b905,60,13.621612644195556,2.0,14.0,-0.06666666666666667
frequency_minus_rect_ifft,outer1,1,71,bb7d,60,-1.1105289141337076,-3.5,1.5,-0.016666666666666666
frequency_minus_rect_ifft,outer1,1,71,bbc6,60,1.6392292181650798,-1.5,1.5,-0.03333333333333333
frequency_minus_rect_ifft,outer1,1,72,b827,60,5.372115516662598,4.0,2.0,-0.06666666666666667
frequency_minus_rect_ifft,outer1,1,72,b871,60,-1.8552964528401692,1.0,-2.0,-0.016666666666666666
frequency_minus_rect_ifft,outer1,1,72,b905,60,-3.500000063578288,-1.0,-0.5,0.05
frequency_minus_rect_ifft,outer1,1,72,bb7d,60,5.299743398030599,1.5,7.5,0.03333333333333333
frequency_minus_rect_ifft,outer1,1,72,bbc6,60,-1.8025680859883626,-3.5,4.0,-0.03333333333333333
frequency_minus_rect_ifft,outer1,1,73,b827,60,0.7129523595174153,-0.5,1.0,0.06666666666666667
frequency_minus_rect_ifft,outer1,1,73,b871,60,-5.017416413625082,-2.0,-5.5,0.03333333333333333
frequency_minus_rect_ifft,outer1,1,73,b905,60,-5.896938292185466,-5.0,-3.0,0.05
frequency_minus_rect_ifft,outer1,1,73,bb7d,60,-3.87526699701945,-5.0,12.5,-0.016666666666666666
frequency_minus_rect_ifft,outer1,1,73,bbc6,60,-8.240125958124796,-6.0,-3.0,0.05
frequency_minus_rect_ifft,outer1,1,74,b827,60,-6.596588516235352,-1.0,-8.5,0.05
frequency_minus_rect_ifft,outer1,1,74,b871,60,0.7853041330973307,1.5,0.5,-0.016666666666666666
frequency_minus_rect_ifft,outer1,1,74,b905,60,-3.712951914469401,-1.0,-3.5,0.0
frequency_minus_rect_ifft,outer1,1,74,bb7d,60,-4.033614031473795,-4.5,-3.5,0.016666666666666666
frequency_minus_rect_ifft,outer1,1,74,bbc6,60,4.168605947494507,0.5,7.0,-0.016666666666666666
frequency_minus_rect_ifft,outer1,1,75,b827,60,3.5568059921264648,0.5,0.5,0.0
frequency_minus_rect_ifft,outer1,1,75,b871,60,0.17386112213134766,3.0,-0.5,0.0
frequency_minus_rect_ifft,outer1,1,75,b905,60,8.582928148905436,-1.0,10.5,-0.06666666666666667
frequency_minus_rect_ifft,outer1,1,75,bb7d,60,-0.7886671225229899,-2.0,1.5,0.03333333333333333
frequency_minus_rect_ifft,outer1,1,75,bbc6,60,-8.603882884979248,-4.0,-4.5,0.05
frequency_minus_rect_ifft,outer1,1,76,b827,60,0.35757196744283043,1.0,-0.5,0.03333333333333333
frequency_minus_rect_ifft,outer1,1,76,b871,60,-6.522665214538574,1.0,-6.5,0.03333333333333333
frequency_minus_rect_ifft,outer1,1,76,b905,60,-4.737976296742757,-3.0,-4.0,0.03333333333333333
frequency_minus_rect_ifft,outer1,1,76,bb7d,60,7.0744472662607825,5.0,3.5,-0.016666666666666666
frequency_minus_rect_ifft,outer1,1,76,bbc6,60,-2.259552240371704,-2.0,0.5,0.016666666666666666
frequency_minus_rect_ifft,outer2,2,70,b7c1,60,14.380320930480957,1.0,15.0,-0.1
frequency_minus_rect_ifft,outer2,2,70,b80b,60,3.0,0.0,3.0,-0.016666666666666666
frequency_minus_rect_ifft,outer2,2,70,b9e6,60,7.0,-1.0,7.0,-0.03333333333333333
frequency_minus_rect_ifft,outer2,2,70,ba0f,60,13.075119511286418,5.5,17.5,-0.1
frequency_minus_rect_ifft,outer2,2,70,bb7c,60,2.71497909228007,1.0,2.0,-0.016666666666666666
frequency_minus_rect_ifft,outer2,2,71,b7c1,60,2.5682491302490233,1.0,2.5,-0.03333333333333333
frequency_minus_rect_ifft,outer2,2,71,b80b,60,3.0,0.0,3.0,-0.016666666666666666
frequency_minus_rect_ifft,outer2,2,71,b9e6,60,8.000000127156575,0.0,9.0,-0.05
frequency_minus_rect_ifft,outer2,2,71,ba0f,60,16.954002634684244,6.0,18.0,-0.16666666666666666
frequency_minus_rect_ifft,outer2,2,71,bb7c,60,1.431751505533854,3.0,-1.5,-0.06666666666666667
frequency_minus_rect_ifft,outer2,2,72,b7c1,60,7.119678656260173,1.5,6.0,-0.08333333333333333
frequency_minus_rect_ifft,outer2,2,72,b80b,60,6.999999554951986,1.0,6.0,-0.06666666666666667
frequency_minus_rect_ifft,outer2,2,72,b9e6,60,3.499999777475993,0.5,3.0,-0.03333333333333333
frequency_minus_rect_ifft,outer2,2,72,ba0f,60,12.98139287630717,4.5,13.5,-0.15
frequency_minus_rect_ifft,outer2,2,72,bb7c,60,-2.266615295410156,-1.5,-3.0,0.0
frequency_minus_rect_ifft,outer2,2,73,b7c1,60,1.1196791330973308,-1.0,-0.5,0.03333333333333333
frequency_minus_rect_ifft,outer2,2,73,b80b,60,-2.0000001271565755,0.0,-4.0,0.03333333333333333
frequency_minus_rect_ifft,outer2,2,73,b9e6,60,0.10753167470296224,0.0,0.5,0.0
frequency_minus_rect_ifft,outer2,2,73,ba0f,60,2.3268293857574465,-4.0,9.5,-0.05
frequency_minus_rect_ifft,outer2,2,73,bb7c,60,-7.025024286905924,-2.5,-5.0,0.08333333333333333
frequency_minus_rect_ifft,outer2,2,74,b7c1,60,-2.378387196858724,1.0,-3.0,0.0
frequency_minus_rect_ifft,outer2,2,74,b80b,60,7.9999999364217125,0.0,6.0,-0.03333333333333333
frequency_minus_rect_ifft,outer2,2,74,b9e6,60,6.0000001907348635,0.0,6.0,-0.03333333333333333
frequency_minus_rect_ifft,outer2,2,74,ba0f,60,-10.842969258626303,-0.5,-13.5,0.03333333333333333
frequency_minus_rect_ifft,outer2,2,74,bb7c,60,9.537172063191731,-0.5,11.5,-0.06666666666666667
frequency_minus_rect_ifft,outer2,2,75,b7c1,60,-5.000000127156576,-1.0,-4.0,0.03333333333333333
frequency_minus_rect_ifft,outer2,2,75,b80b,60,3.0,0.0,3.0,-0.016666666666666666
frequency_minus_rect_ifft,outer2,2,75,b9e6,60,-3.380320739746094,0.0,-4.0,0.016666666666666666
frequency_minus_rect_ifft,outer2,2,75,ba0f,60,-1.1001201470692952,-1.0,-1.5,-0.05
frequency_minus_rect_ifft,outer2,2,75,bb7c,60,-1.5288441022237143,-1.0,2.0,0.0
frequency_minus_rect_ifft,outer2,2,76,b7c1,60,-3.2271275679270426,1.0,-4.5,0.0
frequency_minus_rect_ifft,outer2,2,76,b80b,60,6.0,0.0,6.0,-0.03333333333333333
frequency_minus_rect_ifft,outer2,2,76,b9e6,60,1.0000000635782877,-1.0,3.0,0.0
frequency_minus_rect_ifft,outer2,2,76,ba0f,60,7.397640752792358,4.5,0.5,-0.03333333333333333
frequency_minus_rect_ifft,outer2,2,76,bb7c,60,-0.4798658053080241,0.5,0.0,0.0
frequency_minus_rect_ifft,outer3,3,70,b812,60,6.380320485432943,0.0,6.0,-0.016666666666666666
frequency_minus_rect_ifft,outer3,3,70,b943,60,0.9317517280578613,0.5,0.5,-0.03333333333333333
frequency_minus_rect_ifft,outer3,3,70,b974,60,-4.235617510477701,-1.0,-4.0,0.03333333333333333
frequency_minus_rect_ifft,outer3,3,70,b97b,60,-1.2728725910186767,-3.5,0.5,0.03333333333333333
frequency_minus_rect_ifft,outer3,3,70,bc2c,60,4.727076864242553,0.0,9.0,0.03333333333333333
frequency_minus_rect_ifft,outer3,3,71,b812,60,4.999999872843424,0.0,5.0,-0.016666666666666666
frequency_minus_rect_ifft,outer3,3,71,b943,60,3.4712345441182455,0.0,5.0,-0.03333333333333333
frequency_minus_rect_ifft,outer3,3,71,b974,60,4.0000000635782875,0.0,6.0,-0.03333333333333333
frequency_minus_rect_ifft,outer3,3,71,b97b,60,-6.855189180374145,1.5,-10.0,0.05
frequency_minus_rect_ifft,outer3,3,71,bc2c,60,-2.5620407899220785,-1.0,-5.0,0.016666666666666666
frequency_minus_rect_ifft,outer3,3,72,b812,60,5.380320612589518,1.0,5.0,-0.03333333333333333
frequency_minus_rect_ifft,outer3,3,72,b943,60,1.593272876739502,1.5,0.5,0.016666666666666666
frequency_minus_rect_ifft,outer3,3,72,b974,60,9.000000190734863,0.0,9.0,-0.06666666666666667
frequency_minus_rect_ifft,outer3,3,72,b97b,60,2.19825439453125,1.0,1.5,0.0
frequency_minus_rect_ifft,outer3,3,72,bc2c,60,3.9421350320180255,1.0,0.5,0.08333333333333333
frequency_minus_rect_ifft,outer3,3,73,b812,60,-1.4317511240641276,0.0,-1.5,0.016666666666666666
frequency_minus_rect_ifft,outer3,3,73,b943,60,-1.4915088812510173,1.5,-2.5,-0.03333333333333333
frequency_minus_rect_ifft,outer3,3,73,b974,60,-6.948569488525391,-1.0,-6.5,0.03333333333333333
frequency_minus_rect_ifft,outer3,3,73,b97b,60,7.268571233749389,2.0,6.5,-0.08333333333333333
frequency_minus_rect_ifft,outer3,3,73,bc2c,60,4.3253042538960775,0.5,8.5,0.0
frequency_minus_rect_ifft,outer3,3,74,b812,60,-4.0000000635782875,0.0,-3.0,0.03333333333333333
frequency_minus_rect_ifft,outer3,3,74,b943,60,-8.83263120651245,-1.5,-9.5,0.05
frequency_minus_rect_ifft,outer3,3,74,b974,60,3.0,0.0,3.0,-0.016666666666666666
frequency_minus_rect_ifft,outer3,3,74,b97b,60,-9.84226951599121,-1.0,-13.5,0.11666666666666667
frequency_minus_rect_ifft,outer3,3,74,bc2c,60,10.877046553293864,-1.0,18.0,-0.016666666666666666
frequency_minus_rect_ifft,outer3,3,75,b812,60,0.0,0.0,0.0,0.0
frequency_minus_rect_ifft,outer3,3,75,b943,60,10.721158027648926,1.0,10.5,-0.06666666666666667
frequency_minus_rect_ifft,outer3,3,75,b974,60,0.0,0.0,0.0,0.0
frequency_minus_rect_ifft,outer3,3,75,b97b,60,5.969006601969401,5.0,2.0,-0.05
frequency_minus_rect_ifft,outer3,3,75,bc2c,60,2.769743315378825,0.0,0.5,0.016666666666666666
frequency_minus_rect_ifft,outer3,3,76,b812,60,-3.9999998728434245,0.0,-4.0,0.016666666666666666
frequency_minus_rect_ifft,outer3,3,76,b943,60,-1.2440284729003905,-3.0,1.5,0.016666666666666666
frequency_minus_rect_ifft,outer3,3,76,b974,60,-6.431751251220703,0.0,-6.5,0.05
frequency_minus_rect_ifft,outer3,3,76,b97b,60,-10.004385344187419,-7.0,-8.0,0.11666666666666667
frequency_minus_rect_ifft,outer3,3,76,bc2c,60,3.2898563702901202,-0.5,2.0,-0.03333333333333333
frequency_minus_rect_ifft,outer4,4,70,b7fd,60,-4.914247481028239,1.0,-11.5,0.06666666666666667
frequency_minus_rect_ifft,outer4,4,70,b8ed,60,-11.055578931172688,-6.0,-13.0,0.06666666666666667
frequency_minus_rect_ifft,outer4,4,70,b979,60,-12.911869382858276,-4.5,-19.0,0.15
frequency_minus_rect_ifft,outer4,4,70,baa9,60,4.619679260253906,-1.0,5.0,-0.016666666666666666
frequency_minus_rect_ifft,outer4,4,70,bb26,60,-8.650740273793538,0.0,-13.0,0.08333333333333333
frequency_minus_rect_ifft,outer4,4,71,b7fd,60,-21.965329742431642,-4.0,-28.0,0.21666666666666667
frequency_minus_rect_ifft,outer4,4,71,b8ed,60,-14.794161860148112,-4.0,-20.0,0.1
frequency_minus_rect_ifft,outer4,4,71,b979,60,4.12270983060201,0.0,6.5,0.06666666666666667
frequency_minus_rect_ifft,outer4,4,71,baa9,60,3.0,0.0,3.0,-0.016666666666666666
frequency_minus_rect_ifft,outer4,4,71,bb26,60,-7.495922454198202,3.5,-15.5,0.0
frequency_minus_rect_ifft,outer4,4,72,b7fd,60,-5.500406265258789,5.5,-14.0,0.08333333333333333
frequency_minus_rect_ifft,outer4,4,72,b8ed,60,-1.4568432490030925,-3.5,-2.0,0.1
frequency_minus_rect_ifft,outer4,4,72,b979,60,-4.725464884440104,-3.0,-7.0,0.1
frequency_minus_rect_ifft,outer4,4,72,baa9,60,9.0,0.0,9.0,-0.05
frequency_minus_rect_ifft,outer4,4,72,bb26,60,3.927637545267741,7.5,-1.5,0.016666666666666666
frequency_minus_rect_ifft,outer4,4,73,b7fd,60,-15.756206178665161,-5.5,-11.0,0.1
frequency_minus_rect_ifft,outer4,4,73,b8ed,60,-3.3999306678771974,1.0,-9.5,-0.03333333333333333
frequency_minus_rect_ifft,outer4,4,73,b979,60,-9.060114002227783,1.5,-13.0,-0.05
frequency_minus_rect_ifft,outer4,4,73,baa9,60,0.0,0.0,0.0,0.0
frequency_minus_rect_ifft,outer4,4,73,bb26,60,-2.186242437362671,-7.5,2.5,-0.05
frequency_minus_rect_ifft,outer4,4,74,b7fd,60,-14.632404359181722,-4.5,-13.5,0.11666666666666667
frequency_minus_rect_ifft,outer4,4,74,b8ed,60,-12.580223814646404,0.5,-20.0,0.11666666666666667
frequency_minus_rect_ifft,outer4,4,74,b979,60,0.7782206376393636,5.0,4.0,0.0
frequency_minus_rect_ifft,outer4,4,74,baa9,60,-0.4317512512207031,0.0,-0.5,0.016666666666666666
frequency_minus_rect_ifft,outer4,4,74,bb26,60,-0.7819262504577636,-5.5,6.0,-0.03333333333333333
frequency_minus_rect_ifft,outer4,4,75,b7fd,60,-5.049846204121907,6.0,-21.0,0.1
frequency_minus_rect_ifft,outer4,4,75,b8ed,60,-8.228510125478108,-8.0,-5.0,0.1
frequency_minus_rect_ifft,outer4,4,75,b979,60,0.5833464622497558,-4.5,2.5,-0.016666666666666666
frequency_minus_rect_ifft,outer4,4,75,baa9,60,-6.0,0.0,-6.0,0.03333333333333333
frequency_minus_rect_ifft,outer4,4,75,bb26,60,-2.8301800727844237,-1.5,-5.5,0.016666666666666666
frequency_minus_rect_ifft,outer4,4,76,b7fd,60,-17.975044584274293,-5.5,-19.5,0.2
frequency_minus_rect_ifft,outer4,4,76,b8ed,60,-3.304754209518433,-1.0,-11.5,0.016666666666666666
frequency_minus_rect_ifft,outer4,4,76,b979,60,0.00015891393025716145,-7.0,11.0,-0.06666666666666667
frequency_minus_rect_ifft,outer4,4,76,baa9,60,0.0,0.0,0.0,0.0
frequency_minus_rect_ifft,outer4,4,76,bb26,60,4.830638647079468,2.5,7.5,0.05
