partition,method,object_code,count,great_circle_mean_deg,great_circle_median_deg,great_circle_p90_deg,top1_acc,failure_rate_gt_30_deg,failure_rate_gt_60_deg,failure_rate_gt_90_deg
held,operational_6ch_1nn,b7c1,60,12.070481105463541,0.0,82.81924421854171,0.8666666666666667,0.1,0.1,0.06666666666666667
held,operational_6ch_1nn,b7fd,60,55.714623410063645,41.409622109270856,138.59037789072914,0.36666666666666664,0.5833333333333334,0.4166666666666667,0.26666666666666666
held,operational_6ch_1nn,b80b,60,1.8803207369756962,0.0,0.0,0.9666666666666667,0.03333333333333333,0.016666666666666666,0.0
held,operational_6ch_1nn,b812,60,1.9999999999999996,0.0,0.0,0.9333333333333333,0.016666666666666666,0.0,0.0
held,operational_6ch_1nn,b827,60,10.899607454093568,0.0,59.99999999999999,0.9,0.1,0.08333333333333333,0.06666666666666667
held,operational_6ch_1nn,b871,60,8.070481105463545,0.0,30.000000000000018,0.85,0.13333333333333333,0.016666666666666666,0.016666666666666666
held,operational_6ch_1nn,b8ed,60,29.153917463084845,0.0,128.68218745348943,0.7166666666666667,0.25,0.2,0.18333333333333332
held,operational_6ch_1nn,b905,60,11.050047722401038,0.0,30.000000000000018,0.8666666666666667,0.1,0.08333333333333333,0.05
held,operational_6ch_1nn,b943,60,15.76251193060026,0.0,82.81924421854171,0.8333333333333334,0.13333333333333333,0.11666666666666667,0.08333333333333333
held,operational_6ch_1nn,b974,60,9.190160368487847,0.0,30.000000000000018,0.9,0.1,0.08333333333333333,0.03333333333333333
held,operational_6ch_1nn,b979,60,58.95186511745393,50.704811054635435,149.99999999999997,0.36666666666666664,0.6333333333333333,0.36666666666666664,0.3
held,operational_6ch_1nn,b97b,60,17.515545803820135,0.0,115.6589062732553,0.8333333333333334,0.16666666666666666,0.11666666666666667,0.1
held,operational_6ch_1nn,b9e6,60,3.644703124224824,0.0,0.0,0.9333333333333333,0.03333333333333333,0.016666666666666666,0.016666666666666666
held,operational_6ch_1nn,ba0f,60,73.81026632111204,62.17054686337235,150.0,0.25,0.6833333333333333,0.5,0.4166666666666667
held,operational_6ch_1nn,baa9,60,1.0000000000000002,0.0,0.0,0.9833333333333333,0.016666666666666666,0.016666666666666666,0.0
held,operational_6ch_1nn,bb26,60,65.14171950288407,59.99999999999999,151.04497562814015,0.3333333333333333,0.6166666666666667,0.48333333333333334,0.36666666666666664
held,operational_6ch_1nn,bb7c,60,8.070481105463545,0.0,30.000000000000018,0.8833333333333333,0.1,0.05,0.016666666666666666
held,operational_6ch_1nn,bb7d,60,85.01482582747539,90.00000000000001,150.0,0.2,0.7666666666666667,0.6166666666666667,0.5166666666666667
held,operational_6ch_1nn,bbc6,60,20.33112257941493,0.0,89.99999999999999,0.75,0.21666666666666667,0.15,0.08333333333333333
held,operational_6ch_1nn,bc2c,60,55.789982596467055,50.70481105463543,151.04497562814015,0.36666666666666664,0.5666666666666667,0.36666666666666664,0.25
held,operational_6ch_global_phase_invariant_1nn,b7c1,60,13.070481105463541,0.0,82.81924421854171,0.85,0.11666666666666667,0.11666666666666667,0.06666666666666667
held,operational_6ch_global_phase_invariant_1nn,b7fd,60,54.759197706902405,35.704811054635435,128.68218745348946,0.36666666666666664,0.5833333333333334,0.4166666666666667,0.26666666666666666
held,operational_6ch_global_phase_invariant_1nn,b80b,60,4.880320736975696,0.0,0.0,0.95,0.05,0.03333333333333333,0.016666666666666666
held,operational_6ch_global_phase_invariant_1nn,b812,60,1.9999999999999996,0.0,0.0,0.9333333333333333,0.016666666666666666,0.0,0.0
held,operational_6ch_global_phase_invariant_1nn,b827,60,11.589767822581415,0.0,60.000000000000036,0.9,0.1,0.1,0.06666666666666667
held,operational_6ch_global_phase_invariant_1nn,b871,60,7.380320736975696,0.0,30.000000000000018,0.8666666666666667,0.11666666666666667,0.016666666666666666,0.016666666666666666
held,operational_6ch_global_phase_invariant_1nn,b8ed,60,27.096228757368294,0.0,128.68218745348943,0.7166666666666667,0.25,0.18333333333333332,0.15
held,operational_6ch_global_phase_invariant_1nn,b905,60,10.550047722401038,0.0,30.000000000000018,0.8833333333333333,0.1,0.08333333333333333,0.05
held,operational_6ch_global_phase_invariant_1nn,b943,60,14.097375423312931,0.0,64.3410937267447,0.8333333333333334,0.13333333333333333,0.1,0.06666666666666667
held,operational_6ch_global_phase_invariant_1nn,b974,60,11.570481105463541,0.0,82.81924421854174,0.8666666666666667,0.13333333333333333,0.1,0.06666666666666667
held,operational_6ch_global_phase_invariant_1nn,b979,60,64.98669763839193,59.999999999999986,150.0,0.3333333333333333,0.65,0.4,0.36666666666666664
held,operational_6ch_global_phase_invariant_1nn,b97b,60,18.642832667575952,0.0,115.6589062732553,0.8333333333333334,0.16666666666666666,0.15,0.1
held,operational_6ch_global_phase_invariant_1nn,b9e6,60,5.903411254459325,0.0,0.0,0.9166666666666666,0.05,0.05,0.016666666666666666
held,operational_6ch_global_phase_invariant_1nn,ba0f,60,74.8519197650093,69.9317907704074,128.68218745348946,0.23333333333333334,0.7333333333333333,0.5333333333333333,0.4
held,operational_6ch_global_phase_invariant_1nn,baa9,60,4.380320736975695,0.0,0.0,0.9666666666666667,0.03333333333333333,0.03333333333333333,0.016666666666666666
held,operational_6ch_global_phase_invariant_1nn,bb26,60,67.42970575482701,62.17054686337238,151.04497562814015,0.2833333333333333,0.6833333333333333,0.5166666666666667,0.35
held,operational_6ch_global_phase_invariant_1nn,bb7c,60,8.380320736975696,0.0,30.000000000000018,0.8833333333333333,0.1,0.06666666666666667,0.016666666666666666
held,operational_6ch_global_phase_invariant_1nn,bb7d,60,82.13263463385081,90.0,150.0,0.21666666666666667,0.75,0.6166666666666667,0.48333333333333334
held,operational_6ch_global_phase_invariant_1nn,bbc6,60,21.640962210927082,0.0,90.0,0.7166666666666667,0.25,0.18333333333333332,0.06666666666666667
held,operational_6ch_global_phase_invariant_1nn,bc2c,60,62.00462223887481,59.999999999999986,151.04497562814015,0.35,0.6,0.4666666666666667,0.2833333333333333
held,operational_6ch_range_phase_invariant_1nn,b7c1,60,15.642832667575954,0.0,82.81924421854171,0.8333333333333334,0.13333333333333333,0.13333333333333333,0.08333333333333333
held,operational_6ch_range_phase_invariant_1nn,b7fd,60,58.05654215844066,50.70481105463543,149.99999999999997,0.35,0.6166666666666667,0.45,0.2833333333333333
held,operational_6ch_range_phase_invariant_1nn,b80b,60,4.880320736975696,0.0,0.0,0.95,0.05,0.03333333333333333,0.016666666666666666
held,operational_6ch_range_phase_invariant_1nn,b812,60,3.5,0.0,0.0,0.9166666666666666,0.03333333333333333,0.016666666666666666,0.016666666666666666
held,operational_6ch_range_phase_invariant_1nn,b827,60,18.482236415805165,0.0,113.54811559342484,0.8333333333333334,0.16666666666666666,0.16666666666666666,0.11666666666666667
held,operational_6ch_range_phase_invariant_1nn,b871,60,12.880320736975698,0.0,59.99999999999999,0.8166666666666667,0.16666666666666666,0.08333333333333333,0.03333333333333333
held,operational_6ch_range_phase_invariant_1nn,b8ed,60,30.240931881593117,0.0,128.68218745348943,0.7,0.2833333333333333,0.21666666666666667,0.16666666666666666
held,operational_6ch_range_phase_invariant_1nn,b905,60,12.050047722401038,0.0,82.81924421854171,0.8666666666666667,0.11666666666666667,0.1,0.05
held,operational_6ch_range_phase_invariant_1nn,b943,60,14.473892359922868,0.0,75.52248781407009,0.8333333333333334,0.15,0.11666666666666667,0.06666666666666667
held,operational_6ch_range_phase_invariant_1nn,b974,60,11.735617612750872,0.0,82.81924421854174,0.8666666666666667,0.13333333333333333,0.1,0.06666666666666667
held,operational_6ch_range_phase_invariant_1nn,b979,60,73.13513315585948,79.1708660163059,149.99999999999997,0.2833333333333333,0.6833333333333333,0.5166666666666667,0.43333333333333335
held,operational_6ch_range_phase_invariant_1nn,b97b,60,23.30796917486328,0.0,115.6589062732553,0.8,0.2,0.2,0.13333333333333333
held,operational_6ch_range_phase_invariant_1nn,b9e6,60,9.331059692346912,0.0,29.999999999999996,0.8833333333333333,0.08333333333333333,0.08333333333333333,0.03333333333333333
held,operational_6ch_range_phase_invariant_1nn,ba0f,60,72.88481302448575,64.34109372674473,128.68218745348946,0.23333333333333334,0.7333333333333333,0.5333333333333333,0.36666666666666664
held,operational_6ch_range_phase_invariant_1nn,baa9,60,4.380320736975695,0.0,0.0,0.9666666666666667,0.03333333333333333,0.03333333333333333,0.016666666666666666
held,operational_6ch_range_phase_invariant_1nn,bb26,60,69.10386622612927,69.9317907704074,151.04497562814015,0.25,0.7,0.5333333333333333,0.3333333333333333
held,operational_6ch_range_phase_invariant_1nn,bb7c,60,10.952672299088109,0.0,60.00000000000001,0.85,0.13333333333333333,0.1,0.016666666666666666
held,operational_6ch_range_phase_invariant_1nn,bb7d,60,80.53604588831014,90.0,149.99999999999997,0.2,0.7666666666666667,0.65,0.4666666666666667
held,operational_6ch_range_phase_invariant_1nn,bbc6,60,27.14096221092709,0.0,90.0,0.6666666666666666,0.3,0.23333333333333334,0.08333333333333333
held,operational_6ch_range_phase_invariant_1nn,bc2c,60,66.1884272126236,82.81924421854171,150.00000000000003,0.3,0.65,0.5333333333333333,0.31666666666666665
held,real_coherent_1nn,b7c1,60,10.52502386120052,0.0,59.99999999999999,0.9,0.1,0.08333333333333333,0.05
held,real_coherent_1nn,b7fd,60,55.484190596328254,0.0,151.04497562814015,0.55,0.45,0.43333333333333335,0.3
held,real_coherent_1nn,b80b,60,3.0,0.0,0.0,0.9833333333333333,0.016666666666666666,0.016666666666666666,0.016666666666666666
held,real_coherent_1nn,b812,60,13.380320736975696,0.0,0.0,0.9166666666666666,0.08333333333333333,0.08333333333333333,0.06666666666666667
held,real_coherent_1nn,b827,60,19.289406248449648,0.0,128.68218745348943,0.8666666666666667,0.13333333333333333,0.13333333333333333,0.11666666666666667
held,real_coherent_1nn,b871,60,20.144703124224822,0.0,128.68218745348943,0.8666666666666667,0.13333333333333333,0.13333333333333333,0.11666666666666667
held,real_coherent_1nn,b8ed,60,35.578812496899296,0.0,128.68218745348943,0.7,0.3,0.23333333333333334,0.23333333333333334
held,real_coherent_1nn,b905,60,18.0,0.0,119.99999999999999,0.8833333333333333,0.11666666666666667,0.1,0.1
held,real_coherent_1nn,b943,60,30.050047722401036,0.0,128.68218745348943,0.7666666666666667,0.23333333333333334,0.21666666666666667,0.16666666666666666
held,real_coherent_1nn,b974,60,14.144703124224824,0.0,0.0,0.9166666666666666,0.08333333333333333,0.08333333333333333,0.08333333333333333
held,real_coherent_1nn,b979,60,75.66322708247596,60.00000000000002,179.99999999999997,0.31666666666666665,0.6833333333333333,0.5166666666666667,0.4
held,real_coherent_1nn,b97b,60,22.760641473951388,0.0,179.99999999999997,0.8333333333333334,0.16666666666666666,0.13333333333333333,0.1
held,real_coherent_1nn,b9e6,60,6.000000000000001,0.0,0.0,0.95,0.05,0.05,0.03333333333333333
held,real_coherent_1nn,ba0f,60,74.01898961601351,59.99999999999999,179.99999999999997,0.31666666666666665,0.6666666666666666,0.45,0.4
held,real_coherent_1nn,baa9,60,4.380320736975695,0.0,0.0,0.9666666666666667,0.03333333333333333,0.03333333333333333,0.016666666666666666
held,real_coherent_1nn,bb26,60,72.05172518631818,60.000000000000014,151.04497562814015,0.2833333333333333,0.65,0.5,0.38333333333333336
held,real_coherent_1nn,bb7c,60,27.050047722401036,0.0,179.99999999999997,0.8,0.2,0.18333333333333332,0.13333333333333333
held,real_coherent_1nn,bb7d,60,90.02056297155804,90.0,179.99999999999997,0.18333333333333332,0.8166666666666667,0.6333333333333333,0.5
held,real_coherent_1nn,bbc6,60,37.10009544480208,0.0,128.68218745348943,0.6333333333333333,0.3333333333333333,0.2833333333333333,0.18333333333333332
held,real_coherent_1nn,bc2c,60,59.86611836656148,59.999999999999986,149.99999999999997,0.38333333333333336,0.5666666666666667,0.48333333333333334,0.2833333333333333
held,global_phase_invariant_1nn,b7c1,60,10.52502386120052,0.0,59.99999999999999,0.9,0.1,0.08333333333333333,0.05
held,global_phase_invariant_1nn,b7fd,60,59.484190596328254,29.999999999999996,151.04497562814015,0.5,0.5,0.48333333333333334,0.3
held,global_phase_invariant_1nn,b80b,60,3.0,0.0,0.0,0.9833333333333333,0.016666666666666666,0.016666666666666666,0.016666666666666666
held,global_phase_invariant_1nn,b812,60,13.380320736975696,0.0,0.0,0.9166666666666666,0.08333333333333333,0.08333333333333333,0.06666666666666667
held,global_phase_invariant_1nn,b827,60,19.289406248449648,0.0,128.68218745348943,0.8666666666666667,0.13333333333333333,0.13333333333333333,0.11666666666666667
held,global_phase_invariant_1nn,b871,60,18.144703124224822,0.0,128.68218745348943,0.8833333333333333,0.11666666666666667,0.11666666666666667,0.1
held,global_phase_invariant_1nn,b8ed,60,26.380320736975698,0.0,120.00000000000004,0.7833333333333333,0.21666666666666667,0.16666666666666666,0.15
held,global_phase_invariant_1nn,b905,60,12.0,0.0,0.0,0.9166666666666666,0.08333333333333333,0.06666666666666667,0.06666666666666667
held,global_phase_invariant_1nn,b943,60,28.050047722401036,0.0,128.68218745348943,0.7833333333333333,0.21666666666666667,0.2,0.15
held,global_phase_invariant_1nn,b974,60,11.144703124224824,0.0,0.0,0.9333333333333333,0.06666666666666667,0.06666666666666667,0.06666666666666667
held,global_phase_invariant_1nn,b979,60,73.78809114451575,62.17054686337238,165.1290555477363,0.3,0.7,0.5166666666666667,0.4
held,global_phase_invariant_1nn,b97b,60,22.760641473951388,0.0,179.99999999999997,0.8333333333333334,0.16666666666666666,0.13333333333333333,0.1
held,global_phase_invariant_1nn,b9e6,60,6.000000000000001,0.0,0.0,0.95,0.05,0.05,0.03333333333333333
held,global_phase_invariant_1nn,ba0f,60,76.41941905143926,71.40962210927086,179.99999999999997,0.2833333333333333,0.7,0.5,0.43333333333333335
held,global_phase_invariant_1nn,baa9,60,4.380320736975695,0.0,0.0,0.9666666666666667,0.03333333333333333,0.03333333333333333,0.016666666666666666
held,global_phase_invariant_1nn,bb26,60,69.85249599928748,71.40962210927086,151.04497562814015,0.25,0.7,0.5,0.3333333333333333
held,global_phase_invariant_1nn,bb7c,60,29.194750846625862,0.0,179.99999999999997,0.7833333333333333,0.21666666666666667,0.2,0.15
held,global_phase_invariant_1nn,bb7d,60,93.70393772064655,90.00000000000001,151.04497562814015,0.13333333333333333,0.8666666666666667,0.6666666666666666,0.5333333333333333
held,global_phase_invariant_1nn,bbc6,60,36.10009544480208,0.0,128.68218745348943,0.6333333333333333,0.3333333333333333,0.2833333333333333,0.18333333333333332
held,global_phase_invariant_1nn,bc2c,60,57.86611836656148,59.999999999999986,138.59037789072914,0.4,0.5833333333333334,0.4666666666666667,0.26666666666666666
held,global_phase_invariant_dev_selected_topk,b7c1,60,17.76064147395139,0.0,82.81924421854174,0.8666666666666667,0.13333333333333333,0.13333333333333333,0.08333333333333333
held,global_phase_invariant_dev_selected_topk,b7fd,60,53.85083598613268,0.0,151.04497562814015,0.5333333333333333,0.45,0.4166666666666667,0.2833333333333333
held,global_phase_invariant_dev_selected_topk,b80b,60,10.905344598176214,0.0,0.0,0.9166666666666666,0.08333333333333333,0.08333333333333333,0.05
held,global_phase_invariant_dev_selected_topk,b812,60,10.380320736975696,0.0,0.0,0.9166666666666666,0.08333333333333333,0.08333333333333333,0.05
held,global_phase_invariant_dev_selected_topk,b827,60,29.144703124224822,0.0,179.99999999999997,0.7833333333333333,0.21666666666666667,0.21666666666666667,0.16666666666666666
held,global_phase_invariant_dev_selected_topk,b871,60,31.764382387249125,0.0,179.99999999999997,0.7833333333333333,0.21666666666666667,0.21666666666666667,0.2
held,global_phase_invariant_dev_selected_topk,b8ed,60,26.405344598176217,0.0,120.00000000000004,0.75,0.23333333333333334,0.18333333333333332,0.11666666666666667
held,global_phase_invariant_dev_selected_topk,b905,60,10.380320736975696,0.0,60.000000000000036,0.9,0.1,0.1,0.05
held,global_phase_invariant_dev_selected_topk,b943,60,27.71977470782638,0.0,128.68218745348943,0.7833333333333333,0.21666666666666667,0.2,0.15
held,global_phase_invariant_dev_selected_topk,b974,60,17.76064147395139,0.0,82.81924421854174,0.8833333333333333,0.11666666666666667,0.11666666666666667,0.08333333333333333
held,global_phase_invariant_dev_selected_topk,b979,60,57.4167443515868,49.583905072063025,150.0,0.38333333333333336,0.5666666666666667,0.38333333333333336,0.25
held,global_phase_invariant_dev_selected_topk,b97b,60,25.56746398287004,0.0,151.04497562814015,0.8166666666666667,0.18333333333333332,0.16666666666666666,0.13333333333333333
held,global_phase_invariant_dev_selected_topk,b9e6,60,24.194750846625865,0.0,128.68218745348943,0.8166666666666667,0.18333333333333332,0.18333333333333332,0.13333333333333333
held,global_phase_invariant_dev_selected_topk,ba0f,60,76.23591745843785,90.0,150.0,0.23333333333333334,0.7333333333333333,0.5666666666666667,0.43333333333333335
held,global_phase_invariant_dev_selected_topk,baa9,60,7.1409622109270865,0.0,0.0,0.9333333333333333,0.06666666666666667,0.06666666666666667,0.016666666666666666
held,global_phase_invariant_dev_selected_topk,bb26,60,71.27963108996491,86.40962210927086,150.0,0.25,0.6833333333333333,0.5333333333333333,0.4
held,global_phase_invariant_dev_selected_topk,bb7c,60,20.95913323387499,0.0,128.68218745348943,0.8333333333333334,0.16666666666666666,0.15,0.11666666666666667
held,global_phase_invariant_dev_selected_topk,bb7d,60,97.8840951515262,120.0,165.1290555477363,0.1,0.8333333333333334,0.6833333333333333,0.55
held,global_phase_invariant_dev_selected_topk,bbc6,60,45.24093188159312,0.0,179.99999999999997,0.6166666666666667,0.35,0.31666666666666665,0.26666666666666666
held,global_phase_invariant_dev_selected_topk,bc2c,60,55.86842696209417,30.000000000000018,150.0,0.4166666666666667,0.5166666666666667,0.45,0.3
held,range_phase_invariant_1nn,b7c1,60,10.52502386120052,0.0,59.99999999999999,0.9,0.1,0.08333333333333333,0.05
held,range_phase_invariant_1nn,b7fd,60,58.53562118075997,12.952539642222373,151.04497562814015,0.5,0.48333333333333334,0.4666666666666667,0.3
held,range_phase_invariant_1nn,b80b,60,3.0,0.0,0.0,0.9833333333333333,0.016666666666666666,0.016666666666666666,0.016666666666666666
held,range_phase_invariant_1nn,b812,60,13.380320736975696,0.0,0.0,0.9166666666666666,0.08333333333333333,0.08333333333333333,0.06666666666666667
held,range_phase_invariant_1nn,b827,60,19.289406248449648,0.0,128.68218745348943,0.8666666666666667,0.13333333333333333,0.13333333333333333,0.11666666666666667
held,range_phase_invariant_1nn,b871,60,18.144703124224822,0.0,128.68218745348943,0.8833333333333333,0.11666666666666667,0.11666666666666667,0.1
held,range_phase_invariant_1nn,b8ed,60,26.380320736975698,0.0,120.00000000000004,0.7833333333333333,0.21666666666666667,0.16666666666666666,0.15
held,range_phase_invariant_1nn,b905,60,12.0,0.0,0.0,0.9166666666666666,0.08333333333333333,0.06666666666666667,0.06666666666666667
held,range_phase_invariant_1nn,b943,60,28.050047722401036,0.0,128.68218745348943,0.7833333333333333,0.21666666666666667,0.2,0.15
held,range_phase_invariant_1nn,b974,60,11.144703124224824,0.0,0.0,0.9333333333333333,0.06666666666666667,0.06666666666666667,0.06666666666666667
held,range_phase_invariant_1nn,b979,60,74.90346855594885,73.58016897264321,165.1290555477363,0.2833333333333333,0.7,0.5333333333333333,0.4166666666666667
held,range_phase_invariant_1nn,b97b,60,22.760641473951388,0.0,179.99999999999997,0.8333333333333334,0.16666666666666666,0.13333333333333333,0.1
held,range_phase_invariant_1nn,b9e6,60,6.000000000000001,0.0,0.0,0.95,0.05,0.05,0.03333333333333333
held,range_phase_invariant_1nn,ba0f,60,76.41941905143926,71.40962210927086,179.99999999999997,0.2833333333333333,0.7,0.5,0.43333333333333335
held,range_phase_invariant_1nn,baa9,60,4.380320736975695,0.0,0.0,0.9666666666666667,0.03333333333333333,0.03333333333333333,0.016666666666666666
held,range_phase_invariant_1nn,bb26,60,69.85249599928748,82.81924421854171,151.04497562814015,0.25,0.7166666666666667,0.5166666666666667,0.31666666666666665
held,range_phase_invariant_1nn,bb7c,60,29.194750846625862,0.0,179.99999999999997,0.7833333333333333,0.21666666666666667,0.2,0.15
held,range_phase_invariant_1nn,bb7d,60,90.70393772064655,90.0,151.04497562814015,0.13333333333333333,0.8666666666666667,0.6666666666666666,0.5
held,range_phase_invariant_1nn,bbc6,60,36.10009544480208,0.0,128.68218745348943,0.6333333333333333,0.3333333333333333,0.2833333333333333,0.18333333333333332
held,range_phase_invariant_1nn,bc2c,60,59.41404423378151,60.000000000000014,138.59037789072914,0.3333333333333333,0.6166666666666667,0.5,0.25
held,range_phase_invariant_dev_selected_topk,b7c1,60,16.76064147395139,0.0,82.81924421854174,0.8666666666666667,0.13333333333333333,0.13333333333333333,0.08333333333333333
held,range_phase_invariant_dev_selected_topk,b7fd,60,60.80039869290849,44.99999999999999,151.04497562814015,0.45,0.5,0.4666666666666667,0.35
held,range_phase_invariant_dev_selected_topk,b80b,60,7.380320736975695,0.0,0.0,0.95,0.05,0.05,0.03333333333333333
held,range_phase_invariant_dev_selected_topk,b812,60,11.76064147395139,0.0,0.0,0.9166666666666666,0.08333333333333333,0.08333333333333333,0.05
held,range_phase_invariant_dev_selected_topk,b827,60,22.665986072127605,0.0,119.99999999999999,0.8166666666666667,0.18333333333333332,0.18333333333333332,0.1
held,range_phase_invariant_dev_selected_topk,b871,60,26.90534459817621,0.0,179.99999999999997,0.8166666666666667,0.18333333333333332,0.18333333333333332,0.15
held,range_phase_invariant_dev_selected_topk,b8ed,60,26.405344598176217,0.0,120.00000000000004,0.75,0.23333333333333334,0.18333333333333332,0.11666666666666667
held,range_phase_invariant_dev_selected_topk,b905,60,10.380320736975696,0.0,60.000000000000036,0.9,0.1,0.1,0.05
held,range_phase_invariant_dev_selected_topk,b943,60,32.33945397085069,0.0,128.68218745348943,0.75,0.25,0.23333333333333334,0.18333333333333332
held,range_phase_invariant_dev_selected_topk,b974,60,18.0,0.0,179.99999999999997,0.9,0.1,0.1,0.1
held,range_phase_invariant_dev_selected_topk,b979,60,60.58255453325492,59.999999999999986,138.59037789072914,0.26666666666666666,0.5666666666666667,0.4166666666666667,0.2833333333333333
held,range_phase_invariant_dev_selected_topk,b97b,60,24.669726985425346,0.0,179.99999999999997,0.8333333333333334,0.16666666666666666,0.15,0.13333333333333333
held,range_phase_invariant_dev_selected_topk,b9e6,60,22.050047722401036,0.0,128.68218745348943,0.8333333333333334,0.16666666666666666,0.16666666666666666,0.11666666666666667
held,range_phase_invariant_dev_selected_topk,ba0f,60,74.58585214751473,79.1708660163059,151.04497562814015,0.25,0.7166666666666667,0.5333333333333333,0.4
held,range_phase_invariant_dev_selected_topk,baa9,60,7.1409622109270865,0.0,0.0,0.9333333333333333,0.06666666666666667,0.06666666666666667,0.016666666666666666
held,range_phase_invariant_dev_selected_topk,bb26,60,68.92175613225551,89.99999999999999,150.0,0.21666666666666667,0.6666666666666666,0.5166666666666667,0.38333333333333336
held,range_phase_invariant_dev_selected_topk,bb7c,60,25.52502386120052,0.0,128.68218745348943,0.8166666666666667,0.18333333333333332,0.16666666666666666,0.15
held,range_phase_invariant_dev_selected_topk,bb7d,60,99.7370609858991,113.54811559342485,165.1290555477363,0.06666666666666667,0.85,0.7166666666666667,0.5833333333333334
held,range_phase_invariant_dev_selected_topk,bbc6,60,45.24093188159312,0.0,179.99999999999997,0.6166666666666667,0.35,0.31666666666666665,0.26666666666666666
held,range_phase_invariant_dev_selected_topk,bc2c,60,56.8999791264172,60.0,138.59037789072914,0.35,0.5666666666666667,0.5,0.3
id,operational_6ch_1nn,b7c1,10,0.0,0.0,0.0,1.0,0.0,0.0,0.0
id,operational_6ch_1nn,b7fd,10,110.86617696173175,122.17054686337235,179.99999999999997,0.1,0.9,0.9,0.6
id,operational_6ch_1nn,b80b,10,3.0000000000000018,0.0,30.000000000000018,0.9,0.1,0.0,0.0
id,operational_6ch_1nn,b812,10,2.9999999999999996,0.0,29.999999999999996,0.9,0.0,0.0,0.0
id,operational_6ch_1nn,b827,10,3.000000000000001,0.0,30.00000000000001,0.9,0.1,0.0,0.0
id,operational_6ch_1nn,b871,10,0.0,0.0,0.0,1.0,0.0,0.0,0.0
id,operational_6ch_1nn,b8ed,10,70.94543261632592,75.0,151.04497562814015,0.4,0.6,0.5,0.5
id,operational_6ch_1nn,b905,10,19.563848843708342,0.0,82.81924421854174,0.7,0.2,0.2,0.0
id,operational_6ch_1nn,b943,10,6.000000000000002,0.0,30.000000000000018,0.8,0.1,0.0,0.0
id,operational_6ch_1nn,b974,10,2.9999999999999964,0.0,29.999999999999964,0.9,0.0,0.0,0.0
id,operational_6ch_1nn,b979,10,90.11856794744281,95.2526751637093,151.04497562814015,0.0,0.8,0.5,0.5
id,operational_6ch_1nn,b97b,10,0.0,0.0,0.0,1.0,0.0,0.0,0.0
id,operational_6ch_1nn,b9e6,10,12.868218745348944,0.0,128.68218745348943,0.9,0.1,0.1,0.1
id,operational_6ch_1nn,ba0f,10,96.97271630816296,119.99999999999997,180.0,0.0,0.8,0.6,0.6
id,operational_6ch_1nn,baa9,10,3.0000000000000018,0.0,30.000000000000018,0.9,0.1,0.0,0.0
id,operational_6ch_1nn,bb26,10,80.53656515187132,82.81924421854173,180.0,0.3,0.6,0.6,0.4
id,operational_6ch_1nn,bb7c,10,12.000000000000004,0.0,60.000000000000036,0.8,0.2,0.1,0.0
id,operational_6ch_1nn,bb7d,10,63.97271630816296,45.0,151.04497562814015,0.4,0.6,0.4,0.4
id,operational_6ch_1nn,bbc6,10,48.97271630816296,30.000000000000007,151.04497562814015,0.3,0.5,0.3,0.3
id,operational_6ch_1nn,bc2c,10,46.48709444522637,29.99999999999998,179.99999999999997,0.3,0.4,0.2,0.2
id,operational_6ch_global_phase_invariant_1nn,b7c1,10,13.140962210927086,0.0,90.0,0.8,0.2,0.1,0.0
id,operational_6ch_global_phase_invariant_1nn,b7fd,10,96.30028633440624,99.2390752458985,179.99999999999997,0.1,0.9,0.8,0.5
id,operational_6ch_global_phase_invariant_1nn,b80b,10,3.0000000000000018,0.0,30.000000000000018,0.9,0.1,0.0,0.0
id,operational_6ch_global_phase_invariant_1nn,b812,10,2.9999999999999996,0.0,29.999999999999996,0.9,0.0,0.0,0.0
id,operational_6ch_global_phase_invariant_1nn,b827,10,9.000000000000004,0.0,60.000000000000036,0.8,0.2,0.1,0.0
id,operational_6ch_global_phase_invariant_1nn,b871,10,0.0,0.0,0.0,1.0,0.0,0.0,0.0
id,operational_6ch_global_phase_invariant_1nn,b8ed,10,70.94543261632592,75.0,151.04497562814015,0.4,0.6,0.5,0.5
id,operational_6ch_global_phase_invariant_1nn,b905,10,19.563848843708342,0.0,82.81924421854174,0.7,0.2,0.2,0.0
id,operational_6ch_global_phase_invariant_1nn,b943,10,6.000000000000002,0.0,30.000000000000018,0.8,0.1,0.0,0.0
id,operational_6ch_global_phase_invariant_1nn,b974,10,29.28192442185417,0.0,180.0,0.7,0.2,0.2,0.1
id,operational_6ch_global_phase_invariant_1nn,b979,10,87.88228912997774,94.34109372674472,151.04497562814015,0.0,0.8,0.5,0.5
id,operational_6ch_global_phase_invariant_1nn,b97b,10,0.0,0.0,0.0,1.0,0.0,0.0,0.0
id,operational_6ch_global_phase_invariant_1nn,b9e6,10,12.868218745348944,0.0,128.68218745348943,0.9,0.1,0.1,0.1
id,operational_6ch_global_phase_invariant_1nn,ba0f,10,98.85457689943043,112.23875609296495,180.0,0.0,0.9,0.7,0.6
id,operational_6ch_global_phase_invariant_1nn,baa9,10,3.0000000000000018,0.0,30.000000000000018,0.9,0.1,0.0,0.0
id,operational_6ch_global_phase_invariant_1nn,bb26,10,71.10245577919684,82.81924421854173,151.04497562814015,0.3,0.6,0.6,0.4
id,operational_6ch_global_phase_invariant_1nn,bb7c,10,12.000000000000004,0.0,60.000000000000036,0.8,0.2,0.1,0.0
id,operational_6ch_global_phase_invariant_1nn,bb7d,10,76.8409350535119,90.0,151.04497562814015,0.3,0.7,0.5,0.5
id,operational_6ch_global_phase_invariant_1nn,bbc6,10,48.97271630816296,30.000000000000007,151.04497562814015,0.3,0.5,0.3,0.3
id,operational_6ch_global_phase_invariant_1nn,bc2c,10,55.591592008040394,29.99999999999998,179.99999999999997,0.3,0.4,0.3,0.3
id,operational_6ch_range_phase_invariant_1nn,b7c1,10,13.140962210927086,0.0,90.0,0.8,0.2,0.1,0.0
id,operational_6ch_range_phase_invariant_1nn,b7fd,10,122.26382168629316,128.68218745348946,179.99999999999997,0.0,1.0,1.0,0.7
id,operational_6ch_range_phase_invariant_1nn,b80b,10,3.0000000000000018,0.0,30.000000000000018,0.9,0.1,0.0,0.0
id,operational_6ch_range_phase_invariant_1nn,b812,10,2.9999999999999996,0.0,29.999999999999996,0.9,0.0,0.0,0.0
id,operational_6ch_range_phase_invariant_1nn,b827,10,14.565890627325526,0.0,115.65890627325527,0.8,0.2,0.1,0.1
id,operational_6ch_range_phase_invariant_1nn,b871,10,18.0,0.0,90.0,0.8,0.2,0.2,0.0
id,operational_6ch_range_phase_invariant_1nn,b8ed,10,70.94543261632592,75.0,151.04497562814015,0.4,0.6,0.5,0.5
id,operational_6ch_range_phase_invariant_1nn,b905,10,19.563848843708342,0.0,82.81924421854174,0.7,0.2,0.2,0.0
id,operational_6ch_range_phase_invariant_1nn,b943,10,6.000000000000002,0.0,30.000000000000018,0.8,0.1,0.0,0.0
id,operational_6ch_range_phase_invariant_1nn,b974,10,30.422886632781264,0.0,180.0,0.7,0.3,0.2,0.1
id,operational_6ch_range_phase_invariant_1nn,b979,10,84.4710025594978,82.23875609296496,151.04497562814015,0.0,0.8,0.5,0.5
id,operational_6ch_range_phase_invariant_1nn,b97b,10,9.0,0.0,90.0,0.9,0.1,0.1,0.0
id,operational_6ch_range_phase_invariant_1nn,b9e6,10,24.43410937267447,0.0,128.68218745348943,0.8,0.2,0.2,0.2
id,operational_6ch_range_phase_invariant_1nn,ba0f,10,95.52496508956997,95.59069704366266,180.0,0.0,0.9,0.7,0.5
id,operational_6ch_range_phase_invariant_1nn,baa9,10,3.0000000000000018,0.0,30.000000000000018,0.9,0.1,0.0,0.0
id,operational_6ch_range_phase_invariant_1nn,bb26,10,72.96149356826974,82.81924421854173,151.04497562814015,0.3,0.6,0.6,0.4
id,operational_6ch_range_phase_invariant_1nn,bb7c,10,12.000000000000004,0.0,60.000000000000036,0.8,0.2,0.1,0.0
id,operational_6ch_range_phase_invariant_1nn,bb7d,10,76.8409350535119,90.0,151.04497562814015,0.3,0.7,0.5,0.5
id,operational_6ch_range_phase_invariant_1nn,bbc6,10,48.97271630816296,30.000000000000007,151.04497562814015,0.3,0.5,0.3,0.3
id,operational_6ch_range_phase_invariant_1nn,bc2c,10,55.591592008040394,29.99999999999998,179.99999999999997,0.3,0.4,0.3,0.3
id,real_coherent_1nn,b7c1,10,12.000000000000004,0.0,60.000000000000036,0.8,0.2,0.1,0.0
id,real_coherent_1nn,b7fd,10,114.30028633440622,124.34109372674473,180.0,0.1,0.9,0.9,0.6
id,real_coherent_1nn,b80b,10,18.0,0.0,180.0,0.9,0.1,0.1,0.1
id,real_coherent_1nn,b812,10,0.0,0.0,0.0,1.0,0.0,0.0,0.0
id,real_coherent_1nn,b827,10,30.86821874534894,0.0,179.99999999999997,0.8,0.2,0.2,0.2
id,real_coherent_1nn,b871,10,36.0,0.0,180.0,0.8,0.2,0.2,0.2
id,real_coherent_1nn,b8ed,10,73.94543261632592,90.00000000000001,151.04497562814015,0.4,0.6,0.6,0.5
id,real_coherent_1nn,b905,10,26.28192442185417,0.0,179.99999999999997,0.8,0.2,0.2,0.1
id,real_coherent_1nn,b943,10,48.86821874534894,0.0,180.0,0.7,0.3,0.3,0.3
id,real_coherent_1nn,b974,10,18.0,0.0,180.0,0.9,0.1,0.1,0.1
id,real_coherent_1nn,b979,10,90.25464073001713,71.40962210927087,179.99999999999997,0.1,0.9,0.6,0.4
id,real_coherent_1nn,b97b,10,26.28192442185417,0.0,180.0,0.8,0.2,0.2,0.1
id,real_coherent_1nn,b9e6,10,30.868218745348948,0.0,128.68218745348943,0.7,0.3,0.3,0.2
id,real_coherent_1nn,ba0f,10,141.35913829283112,151.04497562814015,180.0,0.0,1.0,1.0,0.8
id,real_coherent_1nn,baa9,10,18.0,0.0,180.0,0.9,0.1,0.1,0.1
id,real_coherent_1nn,bb26,10,132.30028633440622,128.68218745348946,180.0,0.0,1.0,1.0,0.7
id,real_coherent_1nn,bb7c,10,17.999999999999996,0.0,119.99999999999999,0.8,0.2,0.1,0.1
id,real_coherent_1nn,bb7d,10,85.12285947536608,101.40962210927088,151.04497562814015,0.2,0.7,0.6,0.5
id,real_coherent_1nn,bbc6,10,64.84093505351191,45.00000000000003,151.04497562814015,0.3,0.7,0.5,0.4
id,real_coherent_1nn,bc2c,10,62.15932412347915,60.00000000000001,128.68218745348943,0.3,0.7,0.5,0.3
id,global_phase_invariant_1nn,b7c1,10,12.000000000000004,0.0,60.000000000000036,0.8,0.2,0.1,0.0
id,global_phase_invariant_1nn,b7fd,10,99.30028633440622,101.40962210927088,179.99999999999997,0.1,0.9,0.8,0.5
id,global_phase_invariant_1nn,b80b,10,18.0,0.0,180.0,0.9,0.1,0.1,0.1
id,global_phase_invariant_1nn,b812,10,0.0,0.0,0.0,1.0,0.0,0.0,0.0
id,global_phase_invariant_1nn,b827,10,30.86821874534894,0.0,179.99999999999997,0.8,0.2,0.2,0.2
id,global_phase_invariant_1nn,b871,10,36.0,0.0,180.0,0.8,0.2,0.2,0.2
id,global_phase_invariant_1nn,b8ed,10,73.94543261632592,90.00000000000001,151.04497562814015,0.4,0.6,0.6,0.5
id,global_phase_invariant_1nn,b905,10,26.28192442185417,0.0,179.99999999999997,0.8,0.2,0.2,0.1
id,global_phase_invariant_1nn,b943,10,48.86821874534894,0.0,180.0,0.7,0.3,0.3,0.3
id,global_phase_invariant_1nn,b974,10,18.0,0.0,180.0,0.9,0.1,0.1,0.1
id,global_phase_invariant_1nn,b979,10,70.12285947536607,60.000000000000014,151.04497562814015,0.2,0.7,0.5,0.3
id,global_phase_invariant_1nn,b97b,10,26.28192442185417,0.0,180.0,0.8,0.2,0.2,0.1
id,global_phase_invariant_1nn,b9e6,10,30.868218745348948,0.0,128.68218745348943,0.7,0.3,0.3,0.2
id,global_phase_invariant_1nn,ba0f,10,136.77284396933638,151.04497562814015,180.0,0.0,1.0,1.0,0.7
id,global_phase_invariant_1nn,baa9,10,18.0,0.0,180.0,0.9,0.1,0.1,0.1
id,global_phase_invariant_1nn,bb26,10,132.30028633440622,128.68218745348946,180.0,0.0,1.0,1.0,0.7
id,global_phase_invariant_1nn,bb7c,10,17.999999999999996,0.0,119.99999999999999,0.8,0.2,0.1,0.1
id,global_phase_invariant_1nn,bb7d,10,85.99107822071502,105.75071583601559,151.04497562814015,0.2,0.8,0.6,0.5
id,global_phase_invariant_1nn,bbc6,10,64.84093505351191,45.00000000000003,151.04497562814015,0.3,0.7,0.5,0.4
id,global_phase_invariant_1nn,bc2c,10,76.01836191255207,71.40962210927088,138.59037789072914,0.2,0.8,0.6,0.4
id,global_phase_invariant_dev_selected_topk,b7c1,10,43.736437490697895,0.0,128.68218745348943,0.6,0.4,0.4,0.3
id,global_phase_invariant_dev_selected_topk,b7fd,10,67.01836191255205,41.40962210927087,179.99999999999997,0.5,0.5,0.5,0.4
id,global_phase_invariant_dev_selected_topk,b80b,10,18.0,0.0,180.0,0.9,0.1,0.1,0.1
id,global_phase_invariant_dev_selected_topk,b812,10,34.56384884370834,0.0,119.99999999999997,0.6,0.4,0.4,0.1
id,global_phase_invariant_dev_selected_topk,b827,10,18.000000000000004,0.0,119.99999999999999,0.8,0.2,0.2,0.1
id,global_phase_invariant_dev_selected_topk,b871,10,69.71807557814583,29.999999999999996,180.0,0.5,0.5,0.4,0.4
id,global_phase_invariant_dev_selected_topk,b8ed,10,30.86821874534894,0.0,128.68218745348943,0.7,0.3,0.2,0.2
id,global_phase_invariant_dev_selected_topk,b905,10,30.0,0.0,179.99999999999997,0.8,0.2,0.2,0.2
id,global_phase_invariant_dev_selected_topk,b943,10,27.972716308162955,0.0,151.04497562814015,0.8,0.2,0.2,0.2
id,global_phase_invariant_dev_selected_topk,b974,10,34.56384884370834,0.0,180.0,0.7,0.3,0.3,0.1
id,global_phase_invariant_dev_selected_topk,b979,10,44.775818803485514,43.8790940174276,119.99999999999999,0.3,0.5,0.2,0.1
id,global_phase_invariant_dev_selected_topk,b97b,10,26.28192442185417,0.0,180.0,0.8,0.2,0.2,0.1
id,global_phase_invariant_dev_selected_topk,b9e6,10,43.736437490697895,0.0,128.68218745348943,0.6,0.4,0.4,0.3
id,global_phase_invariant_dev_selected_topk,ba0f,10,87.10449756281403,90.0,151.04497562814015,0.1,0.9,0.7,0.5
id,global_phase_invariant_dev_selected_topk,baa9,10,18.0,0.0,180.0,0.9,0.1,0.1,0.1
id,global_phase_invariant_dev_selected_topk,bb26,10,78.25464073001713,41.409622109270856,180.0,0.1,0.7,0.4,0.4
id,global_phase_invariant_dev_selected_topk,bb7c,10,30.0,0.0,119.99999999999999,0.7,0.3,0.3,0.2
id,global_phase_invariant_dev_selected_topk,bb7d,10,90.50928146003426,105.75071583601559,151.04497562814015,0.2,0.7,0.7,0.5
id,global_phase_invariant_dev_selected_topk,bbc6,10,51.97271630816296,15.000000000000009,179.99999999999997,0.5,0.5,0.3,0.3
id,global_phase_invariant_dev_selected_topk,bc2c,10,63.746243097209614,50.70481105463543,151.04497562814015,0.3,0.6,0.4,0.4
id,range_phase_invariant_1nn,b7c1,10,12.000000000000004,0.0,60.000000000000036,0.8,0.2,0.1,0.0
id,range_phase_invariant_1nn,b7fd,10,99.30028633440622,101.40962210927088,179.99999999999997,0.1,0.9,0.8,0.5
id,range_phase_invariant_1nn,b80b,10,18.0,0.0,180.0,0.9,0.1,0.1,0.1
id,range_phase_invariant_1nn,b812,10,0.0,0.0,0.0,1.0,0.0,0.0,0.0
id,range_phase_invariant_1nn,b827,10,30.86821874534894,0.0,179.99999999999997,0.8,0.2,0.2,0.2
id,range_phase_invariant_1nn,b871,10,36.0,0.0,180.0,0.8,0.2,0.2,0.2
id,range_phase_invariant_1nn,b8ed,10,73.94543261632592,90.00000000000001,151.04497562814015,0.4,0.6,0.6,0.5
id,range_phase_invariant_1nn,b905,10,26.28192442185417,0.0,179.99999999999997,0.8,0.2,0.2,0.1
id,range_phase_invariant_1nn,b943,10,48.86821874534894,0.0,180.0,0.7,0.3,0.3,0.3
id,range_phase_invariant_1nn,b974,10,18.0,0.0,180.0,0.9,0.1,0.1,0.1
id,range_phase_invariant_1nn,b979,10,70.12285947536607,60.000000000000014,151.04497562814015,0.2,0.7,0.5,0.3
id,range_phase_invariant_1nn,b97b,10,26.28192442185417,0.0,180.0,0.8,0.2,0.2,0.1
id,range_phase_invariant_1nn,b9e6,10,30.868218745348948,0.0,128.68218745348943,0.7,0.3,0.3,0.2
id,range_phase_invariant_1nn,ba0f,10,136.77284396933638,151.04497562814015,180.0,0.0,1.0,1.0,0.7
id,range_phase_invariant_1nn,baa9,10,18.0,0.0,180.0,0.9,0.1,0.1,0.1
id,range_phase_invariant_1nn,bb26,10,132.30028633440622,128.68218745348946,180.0,0.0,1.0,1.0,0.7
id,range_phase_invariant_1nn,bb7c,10,17.999999999999996,0.0,119.99999999999999,0.8,0.2,0.1,0.1
id,range_phase_invariant_1nn,bb7d,10,85.99107822071502,90.0,151.04497562814015,0.2,0.8,0.7,0.4
id,range_phase_invariant_1nn,bbc6,10,64.84093505351191,45.00000000000003,151.04497562814015,0.3,0.7,0.5,0.4
id,range_phase_invariant_1nn,bc2c,10,76.01836191255207,71.40962210927088,138.59037789072914,0.2,0.8,0.6,0.4
id,range_phase_invariant_dev_selected_topk,b7c1,10,43.736437490697895,0.0,128.68218745348943,0.6,0.4,0.4,0.3
id,range_phase_invariant_dev_selected_topk,b7fd,10,67.88186059126745,52.23875609296497,179.99999999999997,0.5,0.5,0.5,0.5
id,range_phase_invariant_dev_selected_topk,b80b,10,18.0,0.0,180.0,0.9,0.1,0.1,0.1
id,range_phase_invariant_dev_selected_topk,b812,10,34.56384884370834,0.0,119.99999999999997,0.6,0.4,0.4,0.1
id,range_phase_invariant_dev_selected_topk,b827,10,18.000000000000004,0.0,119.99999999999999,0.8,0.2,0.2,0.1
id,range_phase_invariant_dev_selected_topk,b871,10,36.0,0.0,180.0,0.8,0.2,0.2,0.2
id,range_phase_invariant_dev_selected_topk,b8ed,10,30.86821874534894,0.0,128.68218745348943,0.7,0.3,0.2,0.2
id,range_phase_invariant_dev_selected_topk,b905,10,30.0,0.0,179.99999999999997,0.8,0.2,0.2,0.2
id,range_phase_invariant_dev_selected_topk,b943,10,27.972716308162955,0.0,151.04497562814015,0.8,0.2,0.2,0.2
id,range_phase_invariant_dev_selected_topk,b974,10,34.56384884370834,0.0,180.0,0.7,0.3,0.3,0.1
id,range_phase_invariant_dev_selected_topk,b979,10,66.71807557814583,59.99999999999999,138.59037789072914,0.2,0.6,0.4,0.3
id,range_phase_invariant_dev_selected_topk,b97b,10,26.28192442185417,0.0,180.0,0.8,0.2,0.2,0.1
id,range_phase_invariant_dev_selected_topk,b9e6,10,43.736437490697895,0.0,128.68218745348943,0.6,0.4,0.4,0.3
id,range_phase_invariant_dev_selected_topk,ba0f,10,87.10449756281403,90.0,151.04497562814015,0.1,0.9,0.7,0.5
id,range_phase_invariant_dev_selected_topk,baa9,10,18.0,0.0,180.0,0.9,0.1,0.1,0.1
id,range_phase_invariant_dev_selected_topk,bb26,10,77.43565658690606,41.409622109270856,180.0,0.1,0.6,0.4,0.4
id,range_phase_invariant_dev_selected_topk,bb7c,10,30.0,0.0,119.99999999999999,0.7,0.3,0.3,0.2
id,range_phase_invariant_dev_selected_topk,bb7d,10,108.78625454129887,109.0128138896774,151.04497562814015,0.0,0.9,0.9,0.7
id,range_phase_invariant_dev_selected_topk,bbc6,10,51.97271630816296,15.000000000000009,179.99999999999997,0.5,0.5,0.3,0.3
id,range_phase_invariant_dev_selected_topk,bc2c,10,56.283718920778554,35.70481105463541,151.04497562814015,0.3,0.5,0.3,0.3
