arm,arm_display,theta_true_deg,phi_true_deg,prediction_rows,object_count,seed_count,great_circle_mean_deg,great_circle_median_deg,great_circle_p90_deg,great_circle_p95_deg,top1_acc,tail_rate_gt90_deg,tail_rate_ge150_deg,near_antipodal_rate_ge165_lt180,exact_antipodal_rate_180,direction_index
frequency,Frequency MLP,30.0,0.0,140,20,7,25.77474914959499,0.0,90.0,150.0,0.6857142857142857,0.06428571428571428,0.06428571428571428,0.0,0.014285714285714285,0
frequency,Frequency MLP,30.0,30.0,140,20,7,19.124466276168825,0.0,90.0,128.68218994140625,0.7357142857142858,0.07142857142857142,0.014285714285714285,0.0,0.0,1
frequency,Frequency MLP,30.0,60.0,140,20,7,32.03606145722525,0.0,128.68218994140625,151.04498291015625,0.7357142857142858,0.21428571428571427,0.09285714285714286,0.014285714285714285,0.0,2
frequency,Frequency MLP,30.0,90.0,140,20,7,41.30910498755319,0.0,180.0,180.0,0.65,0.2,0.12857142857142856,0.0,0.12857142857142856,3
frequency,Frequency MLP,30.0,120.0,140,20,7,33.03856732504708,0.0,128.68218994140625,151.04498291015625,0.6571428571428571,0.2,0.05714285714285714,0.007142857142857143,0.0,4
frequency,Frequency MLP,30.0,150.0,140,20,7,24.091092552457535,0.0,122.24180603027344,151.04498291015625,0.7428571428571429,0.12857142857142856,0.05714285714285714,0.0,0.0,5
frequency,Frequency MLP,30.0,180.0,140,20,7,18.61725848061698,0.0,90.0,120.00000762939453,0.7642857142857142,0.05714285714285714,0.03571428571428571,0.0,0.0,6
frequency,Frequency MLP,30.0,210.0,140,20,7,26.43199418612889,0.0,128.68218994140625,151.04498291015625,0.7,0.12857142857142856,0.07142857142857142,0.0,0.007142857142857143,7
frequency,Frequency MLP,30.0,240.0,140,20,7,32.55834009987967,0.0,143.9022216796875,151.04498291015625,0.6714285714285714,0.17857142857142858,0.09285714285714286,0.02857142857142857,0.0,8
frequency,Frequency MLP,30.0,270.0,140,20,7,23.713363531657627,0.0,120.00000762939453,165.12905883789062,0.75,0.12142857142857143,0.05,0.04285714285714286,0.007142857142857143,9
frequency,Frequency MLP,30.0,300.0,140,20,7,18.196361207962035,0.0,60.000003814697266,120.00000762939453,0.7357142857142858,0.05,0.014285714285714285,0.0,0.0,10
frequency,Frequency MLP,30.0,330.0,140,20,7,29.125597497395106,0.0,128.68218994140625,128.68218994140625,0.7357142857142858,0.22857142857142856,0.014285714285714285,0.007142857142857143,0.0,11
frequency,Frequency MLP,60.0,0.0,140,20,7,26.34220017024449,0.0,120.00000762939453,180.0,0.6785714285714286,0.11428571428571428,0.06428571428571428,0.0,0.06428571428571428,12
frequency,Frequency MLP,60.0,30.0,140,20,7,18.59268158503941,0.0,82.81924438476562,120.00000762939453,0.7714285714285715,0.07142857142857142,0.0,0.0,0.0,13
frequency,Frequency MLP,60.0,60.0,140,20,7,23.721385043007988,0.0,120.00000762939453,128.68218994140625,0.7071428571428572,0.14285714285714285,0.0,0.0,0.0,14
frequency,Frequency MLP,60.0,90.0,140,20,7,30.75907085963658,0.0,150.0,180.0,0.7214285714285714,0.17142857142857143,0.10714285714285714,0.0,0.05,15
frequency,Frequency MLP,60.0,120.0,140,20,7,34.853830392020086,0.0,120.00000762939453,128.6822052001953,0.6285714285714286,0.2357142857142857,0.0,0.0,0.0,16
frequency,Frequency MLP,60.0,150.0,140,20,7,28.96079421724592,0.0,120.00000762939453,128.6822052001953,0.7142857142857143,0.1357142857142857,0.04285714285714286,0.0,0.04285714285714286,17
frequency,Frequency MLP,60.0,180.0,140,20,7,21.089641516549246,0.0,90.0,120.00000762939453,0.6785714285714286,0.06428571428571428,0.007142857142857143,0.0,0.007142857142857143,18
frequency,Frequency MLP,60.0,210.0,140,20,7,37.69691410064697,0.0,120.00000762939453,128.6822052001953,0.5785714285714286,0.18571428571428572,0.014285714285714285,0.0,0.014285714285714285,19
frequency,Frequency MLP,60.0,240.0,140,20,7,35.83629343850272,0.0,128.6822052001953,128.6822052001953,0.6071428571428571,0.22142857142857142,0.014285714285714285,0.0,0.0,20
frequency,Frequency MLP,60.0,270.0,140,20,7,28.971104308537075,0.0,120.00000762939453,180.0,0.6714285714285714,0.15,0.05714285714285714,0.0,0.05,21
frequency,Frequency MLP,60.0,300.0,140,20,7,34.29048342023577,0.0,128.68218994140625,130.50535583496094,0.6785714285714286,0.24285714285714285,0.0,0.0,0.0,22
frequency,Frequency MLP,60.0,330.0,140,20,7,25.386609717777798,0.0,82.81924438476562,128.6822052001953,0.7142857142857143,0.07857142857142857,0.03571428571428571,0.0,0.03571428571428571,23
frequency,Frequency MLP,90.0,0.0,140,20,7,85.84707454953875,64.34110260009766,180.0,180.0,0.4714285714285714,0.4857142857142857,0.45,0.0,0.4,24
frequency,Frequency MLP,90.0,30.0,140,20,7,75.66394408089774,60.00000762939453,180.0,180.0,0.44285714285714284,0.42142857142857143,0.2857142857142857,0.0,0.2642857142857143,25
frequency,Frequency MLP,90.0,60.0,140,20,7,83.96067428588867,60.000003814697266,180.0,180.0,0.3142857142857143,0.4142857142857143,0.2714285714285714,0.0,0.2642857142857143,26
frequency,Frequency MLP,90.0,90.0,140,20,7,90.85714300700596,45.00000286102295,180.0,180.0,0.4357142857142857,0.4928571428571429,0.4928571428571429,0.0,0.4857142857142857,27
frequency,Frequency MLP,90.0,120.0,140,20,7,73.01101876667568,60.000003814697266,180.0,180.0,0.38571428571428573,0.42142857142857143,0.21428571428571427,0.0,0.17142857142857143,28
frequency,Frequency MLP,90.0,150.0,140,20,7,84.93701195035662,60.000003814697266,180.0,180.0,0.3,0.44285714285714284,0.2857142857142857,0.0,0.25,29
frequency,Frequency MLP,90.0,180.0,140,20,7,92.25536270141602,115.6589126586914,180.0,180.0,0.4142857142857143,0.5071428571428571,0.4857142857142857,0.0,0.45,30
frequency,Frequency MLP,90.0,210.0,140,20,7,66.19320185525076,0.0,180.0,180.0,0.5071428571428571,0.37142857142857144,0.2642857142857143,0.0,0.2357142857142857,31
frequency,Frequency MLP,90.0,240.0,140,20,7,51.03932922908238,30.000001907348633,150.0,180.0,0.4928571428571429,0.2642857142857143,0.1,0.0,0.09285714285714286,32
frequency,Frequency MLP,90.0,270.0,140,20,7,49.71428574153355,0.0,180.0,180.0,0.7,0.2857142857142857,0.2857142857142857,0.0,0.21428571428571427,33
frequency,Frequency MLP,90.0,300.0,140,20,7,57.519992801121305,41.40962219238281,180.0,180.0,0.44285714285714284,0.25,0.2,0.0,0.14285714285714285,34
frequency,Frequency MLP,90.0,330.0,140,20,7,104.35714530944824,120.00000762939453,180.0,180.0,0.22142857142857142,0.5785714285714286,0.40714285714285714,0.0,0.34285714285714286,35
frequency,Frequency MLP,120.0,0.0,140,20,7,25.743534687587193,0.0,120.00000762939453,120.00000762939453,0.7214285714285714,0.14285714285714285,0.04285714285714286,0.0,0.007142857142857143,36
frequency,Frequency MLP,120.0,30.0,140,20,7,14.749706527165005,0.0,82.81924438476562,90.0,0.7928571428571428,0.04285714285714286,0.007142857142857143,0.0,0.0,37
frequency,Frequency MLP,120.0,60.0,140,20,7,16.86332149505615,0.0,86.67424774169922,128.68218994140625,0.7714285714285715,0.09285714285714286,0.0,0.0,0.0,38
frequency,Frequency MLP,120.0,90.0,140,20,7,34.77718905040196,0.0,154.09490966796875,180.0,0.6571428571428571,0.18571428571428572,0.11428571428571428,0.0,0.07857142857142857,39
frequency,Frequency MLP,120.0,120.0,140,20,7,44.22390193939209,0.0,128.6822052001953,128.6822052001953,0.5714285714285714,0.32857142857142857,0.007142857142857143,0.0,0.0,40
frequency,Frequency MLP,120.0,150.0,140,20,7,28.0530328478132,0.0,120.00000762939453,138.59039306640625,0.7142857142857143,0.15,0.04285714285714286,0.0,0.03571428571428571,41
frequency,Frequency MLP,120.0,180.0,140,20,7,18.02509389604841,0.0,60.000003814697266,120.00000762939453,0.6928571428571428,0.06428571428571428,0.014285714285714285,0.0,0.014285714285714285,42
frequency,Frequency MLP,120.0,210.0,140,20,7,42.90062596457345,0.0,120.00000762939453,120.00000762939453,0.5285714285714286,0.22142857142857142,0.02142857142857143,0.0,0.02142857142857143,43
frequency,Frequency MLP,120.0,240.0,140,20,7,32.88732693535941,0.0,113.54811096191406,128.6822052001953,0.5642857142857143,0.17142857142857143,0.007142857142857143,0.0,0.007142857142857143,44
frequency,Frequency MLP,120.0,270.0,140,20,7,32.14326485225133,0.0,120.00000762939453,180.0,0.6285714285714286,0.17142857142857143,0.07142857142857142,0.0,0.05,45
frequency,Frequency MLP,120.0,300.0,140,20,7,30.60211981364659,0.0,128.68218994140625,128.68218994140625,0.6571428571428571,0.2,0.014285714285714285,0.0,0.0,46
frequency,Frequency MLP,120.0,330.0,140,20,7,23.143660150255474,0.0,82.81924438476562,120.00000762939453,0.7357142857142858,0.07857142857142857,0.03571428571428571,0.0,0.02857142857142857,47
frequency,Frequency MLP,150.0,0.0,140,20,7,24.987808200291227,0.0,90.0,120.00000762939453,0.6428571428571429,0.07142857142857142,0.02857142857142857,0.0,0.0,48
frequency,Frequency MLP,150.0,30.0,140,20,7,20.012135022027152,0.0,60.000003814697266,128.68218994140625,0.7214285714285714,0.07857142857142857,0.02857142857142857,0.007142857142857143,0.007142857142857143,49
frequency,Frequency MLP,150.0,60.0,140,20,7,28.041839408874512,0.0,122.24180603027344,151.04498291015625,0.7642857142857142,0.19285714285714287,0.08571428571428572,0.0,0.0,50
frequency,Frequency MLP,150.0,90.0,140,20,7,31.469818333217077,0.0,180.0,180.0,0.7428571428571429,0.14285714285714285,0.11428571428571428,0.014285714285714285,0.1,51
frequency,Frequency MLP,150.0,120.0,140,20,7,26.413532985959733,0.0,128.68218994140625,151.04498291015625,0.7714285714285715,0.16428571428571428,0.05714285714285714,0.0,0.0,52
frequency,Frequency MLP,150.0,150.0,140,20,7,22.288571344103133,0.0,120.00000762939453,128.68218994140625,0.75,0.10714285714285714,0.03571428571428571,0.0,0.0,53
frequency,Frequency MLP,150.0,180.0,140,20,7,20.095344379970005,0.0,90.0,120.00000762939453,0.6857142857142857,0.05714285714285714,0.02857142857142857,0.0,0.0,54
frequency,Frequency MLP,150.0,210.0,140,20,7,22.539512354987007,0.0,120.00000762939453,151.04498291015625,0.7357142857142858,0.1,0.05714285714285714,0.007142857142857143,0.0,55
frequency,Frequency MLP,150.0,240.0,140,20,7,26.034660026005337,0.0,120.00000762939453,151.04498291015625,0.7357142857142858,0.1357142857142857,0.07857142857142857,0.02142857142857143,0.02142857142857143,56
frequency,Frequency MLP,150.0,270.0,140,20,7,16.177649899891446,0.0,60.000003814697266,165.12905883789062,0.8357142857142857,0.07142857142857142,0.05,0.014285714285714285,0.03571428571428571,57
frequency,Frequency MLP,150.0,300.0,140,20,7,21.89643818310329,0.0,77.49607849121094,138.59039306640625,0.7357142857142858,0.08571428571428572,0.04285714285714286,0.007142857142857143,0.0,58
frequency,Frequency MLP,150.0,330.0,140,20,7,29.789452035086494,0.0,128.68218994140625,150.0,0.7142857142857143,0.2,0.05,0.02142857142857143,0.0,59
rect_ifft,Rect-IFFT MLP,30.0,0.0,140,20,7,26.571429130009243,0.0,90.0,150.0,0.6714285714285714,0.07857142857142857,0.07142857142857142,0.0,0.02142857142857143,0
rect_ifft,Rect-IFFT MLP,30.0,30.0,140,20,7,19.850899035590036,0.0,102.50392150878906,151.04498291015625,0.7642857142857142,0.1,0.06428571428571428,0.007142857142857143,0.007142857142857143,1
rect_ifft,Rect-IFFT MLP,30.0,60.0,140,20,7,29.420218924113684,0.0,128.68218994140625,151.04498291015625,0.7285714285714285,0.18571428571428572,0.07142857142857142,0.04285714285714286,0.0,2
rect_ifft,Rect-IFFT MLP,30.0,90.0,140,20,7,41.29733646256583,0.0,180.0,180.0,0.6428571428571429,0.19285714285714287,0.15714285714285714,0.014285714285714285,0.14285714285714285,3
rect_ifft,Rect-IFFT MLP,30.0,120.0,140,20,7,38.22901795932225,0.0,128.68218994140625,151.04498291015625,0.6357142857142857,0.24285714285714285,0.07142857142857142,0.007142857142857143,0.007142857142857143,4
rect_ifft,Rect-IFFT MLP,30.0,150.0,140,20,7,22.9689439364842,0.0,90.0,128.68218994140625,0.7142857142857143,0.07857142857142857,0.02142857142857143,0.0,0.0,5
rect_ifft,Rect-IFFT MLP,30.0,180.0,140,20,7,15.426728343963623,0.0,30.000001907348633,120.00000762939453,0.75,0.05714285714285714,0.02142857142857143,0.0,0.02142857142857143,6
rect_ifft,Rect-IFFT MLP,30.0,210.0,140,20,7,20.745613990511213,0.0,90.0,128.68218994140625,0.75,0.09285714285714286,0.04285714285714286,0.0,0.0,7
rect_ifft,Rect-IFFT MLP,30.0,240.0,140,20,7,33.83938847950527,0.0,151.04498291015625,165.12905883789062,0.6785714285714286,0.17142857142857143,0.11428571428571428,0.05,0.007142857142857143,8
rect_ifft,Rect-IFFT MLP,30.0,270.0,140,20,7,28.33928487641471,0.0,120.00000762939453,165.12905883789062,0.7214285714285714,0.14285714285714285,0.05714285714285714,0.05,0.007142857142857143,9
rect_ifft,Rect-IFFT MLP,30.0,300.0,140,20,7,22.060822159903392,0.0,64.34110260009766,151.04498291015625,0.7214285714285714,0.07857142857142857,0.06428571428571428,0.0,0.0,10
rect_ifft,Rect-IFFT MLP,30.0,330.0,140,20,7,27.11736822128296,0.0,122.24180603027344,128.68218994140625,0.7214285714285714,0.19285714285714287,0.02142857142857143,0.0,0.0,11
rect_ifft,Rect-IFFT MLP,60.0,0.0,140,20,7,26.241651589529855,0.0,120.00000762939453,180.0,0.7,0.15,0.05714285714285714,0.0,0.05714285714285714,12
rect_ifft,Rect-IFFT MLP,60.0,30.0,140,20,7,16.304185935429164,0.0,82.81924438476562,90.0,0.7785714285714286,0.03571428571428571,0.0,0.0,0.0,13
rect_ifft,Rect-IFFT MLP,60.0,60.0,140,20,7,26.403453758784703,0.0,128.68218994140625,128.68218994140625,0.6785714285714286,0.15,0.007142857142857143,0.0,0.0,14
rect_ifft,Rect-IFFT MLP,60.0,90.0,140,20,7,29.416510949816022,0.0,120.00000762939453,180.0,0.6928571428571428,0.15,0.08571428571428572,0.0,0.05714285714285714,15
rect_ifft,Rect-IFFT MLP,60.0,120.0,140,20,7,32.80879305430821,0.0,120.00000762939453,128.6822052001953,0.6285714285714286,0.22857142857142856,0.0,0.0,0.0,16
rect_ifft,Rect-IFFT MLP,60.0,150.0,140,20,7,33.03521291187831,0.0,128.6822052001953,128.6822052001953,0.65,0.16428571428571428,0.04285714285714286,0.0,0.02142857142857143,17
rect_ifft,Rect-IFFT MLP,60.0,180.0,140,20,7,14.5912294115339,0.0,60.000003814697266,90.0,0.7428571428571429,0.02142857142857143,0.0,0.0,0.0,18
rect_ifft,Rect-IFFT MLP,60.0,210.0,140,20,7,51.08283113752093,25.905075073242188,120.00000762939453,154.0949249267578,0.4785714285714286,0.2785714285714286,0.05714285714285714,0.0,0.04285714285714286,19
rect_ifft,Rect-IFFT MLP,60.0,240.0,140,20,7,43.956932176862445,0.0,128.6822052001953,128.6822052001953,0.5142857142857142,0.2785714285714286,0.03571428571428571,0.0,0.007142857142857143,20
rect_ifft,Rect-IFFT MLP,60.0,270.0,140,20,7,36.689927550724576,0.0,120.00000762939453,154.09490966796875,0.6285714285714286,0.22142857142857142,0.08571428571428572,0.0,0.02857142857142857,21
rect_ifft,Rect-IFFT MLP,60.0,300.0,140,20,7,31.196644496917724,0.0,128.68218994140625,130.50535583496094,0.7071428571428572,0.22857142857142856,0.007142857142857143,0.0,0.0,22
rect_ifft,Rect-IFFT MLP,60.0,330.0,140,20,7,31.286338342939104,0.0,102.50391387939453,128.6822052001953,0.6642857142857143,0.14285714285714285,0.02857142857142857,0.0,0.02142857142857143,23
rect_ifft,Rect-IFFT MLP,90.0,0.0,140,20,7,81.15227000372751,15.000000953674316,180.0,180.0,0.5,0.4714285714285714,0.42142857142857143,0.0,0.36428571428571427,24
rect_ifft,Rect-IFFT MLP,90.0,30.0,140,20,7,75.71443345206124,60.00000762939453,180.0,180.0,0.4357142857142857,0.42142857142857143,0.2857142857142857,0.0,0.2357142857142857,25
rect_ifft,Rect-IFFT MLP,90.0,60.0,140,20,7,62.01087138312204,60.000003814697266,180.0,180.0,0.39285714285714285,0.2785714285714286,0.17857142857142858,0.0,0.12142857142857143,26
rect_ifft,Rect-IFFT MLP,90.0,90.0,140,20,7,88.50000010899134,30.000001907348633,180.0,180.0,0.45714285714285713,0.4857142857142857,0.4857142857142857,0.0,0.4642857142857143,27
rect_ifft,Rect-IFFT MLP,90.0,120.0,140,20,7,64.30680119650704,30.000001907348633,180.0,180.0,0.45,0.35,0.19285714285714287,0.0,0.15,28
rect_ifft,Rect-IFFT MLP,90.0,150.0,140,20,7,85.09091190610613,90.0,180.0,180.0,0.32142857142857145,0.4642857142857143,0.30714285714285716,0.0,0.2714285714285714,29
rect_ifft,Rect-IFFT MLP,90.0,180.0,140,20,7,84.73588094711303,35.70481204986572,180.0,180.0,0.4357142857142857,0.45,0.44285714285714284,0.0,0.4142857142857143,30
rect_ifft,Rect-IFFT MLP,90.0,210.0,140,20,7,63.55180210386004,15.000000953674316,180.0,180.0,0.5,0.32857142857142857,0.2571428571428571,0.0,0.24285714285714285,31
rect_ifft,Rect-IFFT MLP,90.0,240.0,140,20,7,60.88735147203718,60.000003814697266,180.0,180.0,0.4,0.32142857142857145,0.11428571428571428,0.0,0.1,32
rect_ifft,Rect-IFFT MLP,90.0,270.0,140,20,7,51.000000040871754,0.0,180.0,180.0,0.6857142857142857,0.29285714285714287,0.29285714285714287,0.0,0.21428571428571427,33
rect_ifft,Rect-IFFT MLP,90.0,300.0,140,20,7,59.30585276739938,30.000001907348633,180.0,180.0,0.4642857142857143,0.2642857142857143,0.21428571428571427,0.0,0.18571428571428572,34
rect_ifft,Rect-IFFT MLP,90.0,330.0,140,20,7,90.65438559395926,90.0,180.0,180.0,0.3,0.4785714285714286,0.36428571428571427,0.0,0.3,35
rect_ifft,Rect-IFFT MLP,120.0,0.0,140,20,7,21.729967376164026,0.0,120.00000762939453,120.00000762939453,0.7071428571428572,0.12857142857142856,0.007142857142857143,0.0,0.007142857142857143,36
rect_ifft,Rect-IFFT MLP,120.0,30.0,140,20,7,23.145424325125557,0.0,90.0,120.00000762939453,0.7428571428571429,0.09285714285714286,0.007142857142857143,0.0,0.0,37
rect_ifft,Rect-IFFT MLP,120.0,60.0,140,20,7,21.46265345982143,0.0,102.50392150878906,128.68218994140625,0.7142857142857143,0.11428571428571428,0.014285714285714285,0.0,0.0,38
rect_ifft,Rect-IFFT MLP,120.0,90.0,140,20,7,33.61282296861921,0.0,150.0,180.0,0.65,0.15,0.12142857142857143,0.0,0.08571428571428572,39
rect_ifft,Rect-IFFT MLP,120.0,120.0,140,20,7,39.4761780330113,0.0,128.6822052001953,128.6822052001953,0.6071428571428571,0.29285714285714287,0.0,0.0,0.0,40
rect_ifft,Rect-IFFT MLP,120.0,150.0,140,20,7,36.04552664075579,0.0,120.00000762939453,128.6822052001953,0.65,0.21428571428571427,0.04285714285714286,0.0,0.03571428571428571,41
rect_ifft,Rect-IFFT MLP,120.0,180.0,140,20,7,15.344951316288538,0.0,60.000003814697266,90.0,0.7428571428571429,0.04285714285714286,0.0,0.0,0.0,42
rect_ifft,Rect-IFFT MLP,120.0,210.0,140,20,7,50.68503131866455,25.905075073242188,120.00000762939453,150.0,0.4857142857142857,0.29285714285714287,0.05,0.0,0.03571428571428571,43
rect_ifft,Rect-IFFT MLP,120.0,240.0,140,20,7,38.112784358433316,0.0,128.6822052001953,150.0,0.55,0.2,0.05,0.0,0.014285714285714285,44
rect_ifft,Rect-IFFT MLP,120.0,270.0,140,20,7,35.664296231951035,0.0,138.59039306640625,180.0,0.6785714285714286,0.2357142857142857,0.07857142857142857,0.0,0.05714285714285714,45
rect_ifft,Rect-IFFT MLP,120.0,300.0,140,20,7,36.12010326385498,0.0,128.68218994140625,143.9022216796875,0.6357142857142857,0.24285714285714285,0.02142857142857143,0.0,0.0,46
rect_ifft,Rect-IFFT MLP,120.0,330.0,140,20,7,26.342240946633474,0.0,97.18075561523438,120.00000762939453,0.7071428571428572,0.10714285714285714,0.02857142857142857,0.0,0.02142857142857143,47
rect_ifft,Rect-IFFT MLP,150.0,0.0,140,20,7,20.46520588738578,0.0,60.000003814697266,90.0,0.6714285714285714,0.03571428571428571,0.02857142857142857,0.007142857142857143,0.014285714285714285,48
rect_ifft,Rect-IFFT MLP,150.0,30.0,140,20,7,20.570151792253768,0.0,122.24180603027344,128.68218994140625,0.75,0.11428571428571428,0.02857142857142857,0.0,0.0,49
rect_ifft,Rect-IFFT MLP,150.0,60.0,140,20,7,30.69422481400626,0.0,128.68218994140625,151.04498291015625,0.7357142857142858,0.2,0.08571428571428572,0.02142857142857143,0.0,50
rect_ifft,Rect-IFFT MLP,150.0,90.0,140,20,7,34.495974384035385,0.0,180.0,180.0,0.6928571428571428,0.14285714285714285,0.12857142857142856,0.014285714285714285,0.11428571428571428,51
rect_ifft,Rect-IFFT MLP,150.0,120.0,140,20,7,27.033880642482213,0.0,128.68218994140625,151.04498291015625,0.7142857142857143,0.15714285714285714,0.05,0.0,0.0,52
rect_ifft,Rect-IFFT MLP,150.0,150.0,140,20,7,22.606490073885237,0.0,122.24180603027344,151.04498291015625,0.7714285714285715,0.1357142857142857,0.05714285714285714,0.007142857142857143,0.0,53
rect_ifft,Rect-IFFT MLP,150.0,180.0,140,20,7,17.539928722381593,0.0,86.67424774169922,120.00000762939453,0.7071428571428572,0.05,0.007142857142857143,0.0,0.0,54
rect_ifft,Rect-IFFT MLP,150.0,210.0,140,20,7,26.198456232888358,0.0,128.68218994140625,151.04498291015625,0.7357142857142858,0.1357142857142857,0.07142857142857142,0.0,0.0,55
rect_ifft,Rect-IFFT MLP,150.0,240.0,140,20,7,26.485378558295114,0.0,122.24180603027344,165.12905883789062,0.7571428571428571,0.15,0.08571428571428572,0.04285714285714286,0.014285714285714285,56
rect_ifft,Rect-IFFT MLP,150.0,270.0,140,20,7,15.122234187807356,0.0,60.000003814697266,165.12905883789062,0.8357142857142857,0.06428571428571428,0.05714285714285714,0.02857142857142857,0.02857142857142857,57
rect_ifft,Rect-IFFT MLP,150.0,300.0,140,20,7,27.599751165934972,0.0,122.24180603027344,151.04498291015625,0.6928571428571428,0.1357142857142857,0.06428571428571428,0.0,0.0,58
rect_ifft,Rect-IFFT MLP,150.0,330.0,140,20,7,26.84481120790754,0.0,128.68218994140625,150.0,0.7214285714285714,0.16428571428571428,0.05,0.02857142857142857,0.0,59
hann_ifft,Hann-IFFT MLP,30.0,0.0,140,20,7,26.547674124581473,0.0,90.0,90.0,0.5642857142857143,0.04285714285714286,0.04285714285714286,0.0,0.0,0
hann_ifft,Hann-IFFT MLP,30.0,30.0,140,20,7,20.48299023083278,0.0,120.00000762939453,128.68218994140625,0.7142857142857143,0.10714285714285714,0.02142857142857143,0.014285714285714285,0.0,1
hann_ifft,Hann-IFFT MLP,30.0,60.0,140,20,7,40.58305391584124,0.0,151.04498291015625,151.04498291015625,0.6714285714285714,0.2714285714285714,0.11428571428571428,0.04285714285714286,0.0,2
hann_ifft,Hann-IFFT MLP,30.0,90.0,140,20,7,34.34242244447981,0.0,122.24180603027344,165.12905883789062,0.6428571428571429,0.15714285714285714,0.07857142857142857,0.05,0.007142857142857143,3
hann_ifft,Hann-IFFT MLP,30.0,120.0,140,20,7,29.04997820172991,0.0,115.6589126586914,138.59039306640625,0.6571428571428571,0.1,0.04285714285714286,0.0,0.02857142857142857,4
hann_ifft,Hann-IFFT MLP,30.0,150.0,140,20,7,45.553524473735266,0.0,143.9022216796875,151.04498291015625,0.6,0.30714285714285716,0.06428571428571428,0.02857142857142857,0.007142857142857143,5
hann_ifft,Hann-IFFT MLP,30.0,180.0,140,20,7,24.88089862551008,0.0,90.0,120.00000762939453,0.6642857142857143,0.05714285714285714,0.04285714285714286,0.0,0.0,6
hann_ifft,Hann-IFFT MLP,30.0,210.0,140,20,7,32.6698773247855,0.0,128.68218994140625,151.04498291015625,0.6357142857142857,0.15714285714285714,0.08571428571428572,0.014285714285714285,0.0,7
hann_ifft,Hann-IFFT MLP,30.0,240.0,140,20,7,41.35970619065421,0.0,151.04498291015625,151.04498291015625,0.6357142857142857,0.2571428571428571,0.11428571428571428,0.04285714285714286,0.0,8
hann_ifft,Hann-IFFT MLP,30.0,270.0,140,20,7,30.10960818018232,0.0,120.00000762939453,150.0,0.6928571428571428,0.14285714285714285,0.05,0.014285714285714285,0.02857142857142857,9
hann_ifft,Hann-IFFT MLP,30.0,300.0,140,20,7,19.342033542905536,0.0,77.49608612060547,151.04498291015625,0.7785714285714286,0.08571428571428572,0.05714285714285714,0.007142857142857143,0.0,10
hann_ifft,Hann-IFFT MLP,30.0,330.0,140,20,7,35.45913583210537,0.0,128.68218994140625,130.50535583496094,0.6785714285714286,0.2714285714285714,0.04285714285714286,0.0,0.0,11
hann_ifft,Hann-IFFT MLP,60.0,0.0,140,20,7,34.74513724190848,0.0,113.54812622070312,180.0,0.5214285714285715,0.10714285714285714,0.07857142857142857,0.0,0.05,12
hann_ifft,Hann-IFFT MLP,60.0,30.0,140,20,7,34.93915070125035,0.0,120.00000762939453,120.00000762939453,0.5928571428571429,0.15714285714285714,0.007142857142857143,0.0,0.007142857142857143,13
hann_ifft,Hann-IFFT MLP,60.0,60.0,140,20,7,31.03721151351929,0.0,128.68218994140625,154.0949249267578,0.6857142857142857,0.18571428571428572,0.06428571428571428,0.0,0.02142857142857143,14
hann_ifft,Hann-IFFT MLP,60.0,90.0,140,20,7,36.90512053625924,0.0,180.0,180.0,0.6428571428571429,0.17142857142857143,0.12142857142857143,0.0,0.1,15
hann_ifft,Hann-IFFT MLP,60.0,120.0,140,20,7,39.90540576662336,0.0,128.6822052001953,130.50535583496094,0.6214285714285714,0.2714285714285714,0.02142857142857143,0.0,0.007142857142857143,16
hann_ifft,Hann-IFFT MLP,60.0,150.0,140,20,7,47.83315162658691,0.0,128.6822052001953,180.0,0.5142857142857142,0.21428571428571427,0.09285714285714286,0.0,0.07857142857142857,17
hann_ifft,Hann-IFFT MLP,60.0,180.0,140,20,7,30.043739550454276,0.0,90.0,93.32574462890625,0.5071428571428571,0.07857142857142857,0.0,0.0,0.0,18
hann_ifft,Hann-IFFT MLP,60.0,210.0,140,20,7,53.17994232177735,60.000003814697266,120.00000762939453,128.6822052001953,0.4142857142857143,0.2,0.03571428571428571,0.0,0.03571428571428571,19
hann_ifft,Hann-IFFT MLP,60.0,240.0,140,20,7,35.450276960645404,0.0,128.6822052001953,150.0,0.6285714285714286,0.2357142857142857,0.06428571428571428,0.0,0.007142857142857143,20
hann_ifft,Hann-IFFT MLP,60.0,270.0,140,20,7,44.95894366673061,0.0,150.0,180.0,0.5857142857142857,0.2857142857142857,0.1,0.0,0.07857142857142857,21
hann_ifft,Hann-IFFT MLP,60.0,300.0,140,20,7,25.495662225995744,0.0,120.00000762939453,128.68218994140625,0.7428571428571429,0.17142857142857143,0.02857142857142857,0.0,0.02142857142857143,22
hann_ifft,Hann-IFFT MLP,60.0,330.0,140,20,7,39.51318334851946,0.0,128.6822052001953,180.0,0.5928571428571429,0.19285714285714287,0.05,0.0,0.05,23
hann_ifft,Hann-IFFT MLP,90.0,0.0,140,20,7,106.68164807728358,150.0,180.0,180.0,0.3142857142857143,0.6,0.5642857142857143,0.0,0.45714285714285713,24
hann_ifft,Hann-IFFT MLP,90.0,30.0,140,20,7,85.21297537939888,90.0,180.0,180.0,0.36428571428571427,0.4857142857142857,0.3357142857142857,0.0,0.2785714285714286,25
hann_ifft,Hann-IFFT MLP,90.0,60.0,140,20,7,76.12271975108555,60.000003814697266,180.0,180.0,0.36428571428571427,0.42142857142857143,0.2357142857142857,0.0,0.21428571428571427,26
hann_ifft,Hann-IFFT MLP,90.0,90.0,140,20,7,81.64285726547241,30.000001907348633,180.0,180.0,0.4714285714285714,0.45,0.45,0.0,0.39285714285714285,27
hann_ifft,Hann-IFFT MLP,90.0,120.0,140,20,7,73.57237806320191,45.00000286102295,180.0,180.0,0.4928571428571429,0.45714285714285713,0.2642857142857143,0.0,0.2357142857142857,28
hann_ifft,Hann-IFFT MLP,90.0,150.0,140,20,7,87.49108006613595,75.00000190734863,180.0,180.0,0.3,0.4857142857142857,0.32857142857142857,0.0,0.29285714285714287,29
hann_ifft,Hann-IFFT MLP,90.0,180.0,140,20,7,72.88815089634487,30.000001907348633,180.0,180.0,0.4785714285714286,0.39285714285714285,0.37857142857142856,0.0,0.29285714285714287,30
hann_ifft,Hann-IFFT MLP,90.0,210.0,140,20,7,70.47176231656756,60.000003814697266,180.0,180.0,0.44285714285714284,0.36428571428571427,0.2785714285714286,0.0,0.2357142857142857,31
hann_ifft,Hann-IFFT MLP,90.0,240.0,140,20,7,66.56136237553187,60.000003814697266,180.0,180.0,0.36428571428571427,0.3357142857142857,0.16428571428571428,0.0,0.1357142857142857,32
hann_ifft,Hann-IFFT MLP,90.0,270.0,140,20,7,70.71428580965315,0.0,180.0,180.0,0.5571428571428572,0.39285714285714285,0.39285714285714285,0.0,0.34285714285714286,33
hann_ifft,Hann-IFFT MLP,90.0,300.0,140,20,7,62.49905300140381,35.70481204986572,180.0,180.0,0.4714285714285714,0.2857142857142857,0.2571428571428571,0.0,0.2571428571428571,34
hann_ifft,Hann-IFFT MLP,90.0,330.0,140,20,7,92.13327425548009,120.00000762939453,180.0,180.0,0.3,0.55,0.30714285714285716,0.0,0.2785714285714286,35
hann_ifft,Hann-IFFT MLP,120.0,0.0,140,20,7,27.123216806139265,0.0,120.00000762939453,143.9022216796875,0.5928571428571429,0.10714285714285714,0.04285714285714286,0.0,0.0,36
hann_ifft,Hann-IFFT MLP,120.0,30.0,140,20,7,23.923104885646275,0.0,97.18075561523438,120.00000762939453,0.7,0.1,0.0,0.0,0.0,37
hann_ifft,Hann-IFFT MLP,120.0,60.0,140,20,7,26.616864490509034,0.0,128.68218994140625,128.68218994140625,0.7428571428571429,0.15714285714285714,0.04285714285714286,0.0,0.007142857142857143,38
hann_ifft,Hann-IFFT MLP,120.0,90.0,140,20,7,41.65127310071673,0.0,154.09490966796875,180.0,0.6357142857142857,0.22142857142857142,0.1357142857142857,0.0,0.09285714285714286,39
hann_ifft,Hann-IFFT MLP,120.0,120.0,140,20,7,42.44990307944162,0.0,128.6822052001953,128.6822052001953,0.5928571428571429,0.29285714285714287,0.0,0.0,0.0,40
hann_ifft,Hann-IFFT MLP,120.0,150.0,140,20,7,41.899114636012484,0.0,120.00000762939453,128.6822052001953,0.55,0.18571428571428572,0.04285714285714286,0.0,0.04285714285714286,41
hann_ifft,Hann-IFFT MLP,120.0,180.0,140,20,7,30.857142448425293,0.0,120.00000762939453,120.00000762939453,0.5857142857142857,0.1,0.0,0.0,0.0,42
hann_ifft,Hann-IFFT MLP,120.0,210.0,140,20,7,50.39359607696533,60.000003814697266,120.00000762939453,128.6822052001953,0.4142857142857143,0.20714285714285716,0.02142857142857143,0.0,0.014285714285714285,43
hann_ifft,Hann-IFFT MLP,120.0,240.0,140,20,7,28.23800367627825,0.0,113.54811096191406,128.6822052001953,0.6714285714285714,0.16428571428571428,0.014285714285714285,0.0,0.0,44
hann_ifft,Hann-IFFT MLP,120.0,270.0,140,20,7,39.550726713453024,0.0,180.0,180.0,0.6357142857142857,0.22857142857142856,0.1,0.0,0.1,45
hann_ifft,Hann-IFFT MLP,120.0,300.0,140,20,7,34.39656799861363,0.0,128.68218994140625,180.0,0.65,0.2,0.05,0.0,0.05,46
hann_ifft,Hann-IFFT MLP,120.0,330.0,140,20,7,28.907368455614364,0.0,97.18075561523438,120.00000762939453,0.6714285714285714,0.14285714285714285,0.007142857142857143,0.0,0.0,47
hann_ifft,Hann-IFFT MLP,150.0,0.0,140,20,7,19.714281736101423,0.0,29.99998664855957,90.0,0.6071428571428571,0.02857142857142857,0.02857142857142857,0.0,0.02857142857142857,48
hann_ifft,Hann-IFFT MLP,150.0,30.0,140,20,7,15.752845198767526,0.0,60.000003814697266,128.68218994140625,0.7642857142857142,0.07857142857142857,0.04285714285714286,0.02142857142857143,0.0,49
hann_ifft,Hann-IFFT MLP,150.0,60.0,140,20,7,41.374506977626254,0.0,151.04498291015625,151.04498291015625,0.6357142857142857,0.25,0.15714285714285714,0.02142857142857143,0.0,50
hann_ifft,Hann-IFFT MLP,150.0,90.0,140,20,7,41.58411196981157,0.0,165.12905883789062,180.0,0.6285714285714286,0.21428571428571427,0.1357142857142857,0.014285714285714285,0.08571428571428572,51
hann_ifft,Hann-IFFT MLP,150.0,120.0,140,20,7,21.813989666530063,0.0,90.0,128.68218994140625,0.7071428571428572,0.09285714285714286,0.007142857142857143,0.007142857142857143,0.0,52
hann_ifft,Hann-IFFT MLP,150.0,150.0,140,20,7,30.731436491012573,0.0,122.24180603027344,143.9022216796875,0.6857142857142857,0.19285714285714287,0.04285714285714286,0.014285714285714285,0.007142857142857143,53
hann_ifft,Hann-IFFT MLP,150.0,180.0,140,20,7,29.697447197777883,0.0,90.0,120.00000762939453,0.5214285714285715,0.07857142857142857,0.014285714285714285,0.0,0.0,54
hann_ifft,Hann-IFFT MLP,150.0,210.0,140,20,7,34.80770490510123,0.0,128.68218994140625,130.50535583496094,0.6,0.14285714285714285,0.03571428571428571,0.007142857142857143,0.0,55
hann_ifft,Hann-IFFT MLP,150.0,240.0,140,20,7,36.5956481048039,0.0,128.68218994140625,128.68218994140625,0.6285714285714286,0.22142857142857142,0.03571428571428571,0.007142857142857143,0.0,56
hann_ifft,Hann-IFFT MLP,150.0,270.0,140,20,7,34.022932822363714,0.0,120.00000762939453,180.0,0.6714285714285714,0.16428571428571428,0.05714285714285714,0.0,0.05714285714285714,57
hann_ifft,Hann-IFFT MLP,150.0,300.0,140,20,7,9.485231842313494,0.0,57.7581901550293,60.000003814697266,0.8142857142857143,0.007142857142857143,0.007142857142857143,0.0,0.0,58
hann_ifft,Hann-IFFT MLP,150.0,330.0,140,20,7,34.876397473471506,0.0,128.68218994140625,151.04498291015625,0.7071428571428572,0.25,0.08571428571428572,0.007142857142857143,0.0,59
strong_1nn,Deterministic 6ch 1-NN,30.0,0.0,20,20,1,17.243547222613184,0.0,59.99999999999999,90.0,0.7,0.0,0.0,0.0,0.0,0
strong_1nn,Deterministic 6ch 1-NN,30.0,30.0,20,20,1,12.434109372674474,0.0,59.99999999999999,128.68218745348946,0.85,0.05,0.0,0.0,0.0,1
strong_1nn,Deterministic 6ch 1-NN,30.0,60.0,20,20,1,24.104497562814014,0.0,151.04497562814015,151.04497562814015,0.75,0.1,0.1,0.0,0.0,2
strong_1nn,Deterministic 6ch 1-NN,30.0,90.0,20,20,1,24.0,0.0,115.65890627325527,120.00000000000001,0.7,0.1,0.0,0.0,0.0,3
strong_1nn,Deterministic 6ch 1-NN,30.0,120.0,20,20,1,21.86821874534894,0.0,128.68218745348943,128.68218745348943,0.75,0.1,0.0,0.0,0.0,4
strong_1nn,Deterministic 6ch 1-NN,30.0,150.0,20,20,1,13.552248781407007,0.0,59.999999999999986,151.04497562814015,0.85,0.05,0.05,0.0,0.0,5
strong_1nn,Deterministic 6ch 1-NN,30.0,180.0,20,20,1,23.256452777386812,0.0,149.99999999999997,165.12905554773627,0.75,0.1,0.1,0.05,0.0,6
strong_1nn,Deterministic 6ch 1-NN,30.0,210.0,20,20,1,24.104497562814014,0.0,151.04497562814015,151.04497562814015,0.75,0.1,0.1,0.0,0.0,7
strong_1nn,Deterministic 6ch 1-NN,30.0,240.0,20,20,1,33.53860693548849,0.0,151.04497562814015,151.04497562814015,0.7,0.15,0.1,0.0,0.0,8
strong_1nn,Deterministic 6ch 1-NN,30.0,270.0,20,20,1,25.93865817115064,0.0,143.9022189707491,165.1290555477363,0.7,0.15,0.05,0.05,0.0,9
strong_1nn,Deterministic 6ch 1-NN,30.0,300.0,20,20,1,7.552248781407007,0.0,0.0,151.04497562814015,0.95,0.05,0.05,0.0,0.0,10
strong_1nn,Deterministic 6ch 1-NN,30.0,330.0,20,20,1,9.434109372674474,0.0,59.999999999999986,128.68218745348946,0.9,0.05,0.0,0.0,0.0,11
strong_1nn,Deterministic 6ch 1-NN,60.0,0.0,20,20,1,23.999999999999996,0.0,119.99999999999999,119.99999999999999,0.7,0.1,0.0,0.0,0.0,12
strong_1nn,Deterministic 6ch 1-NN,60.0,30.0,20,20,1,20.71603379452865,0.0,119.99999999999999,128.68218745348943,0.8,0.1,0.0,0.0,0.0,13
strong_1nn,Deterministic 6ch 1-NN,60.0,60.0,20,20,1,30.236437490697888,0.0,128.68218745348943,128.68218745348943,0.75,0.2,0.0,0.0,0.0,14
strong_1nn,Deterministic 6ch 1-NN,60.0,90.0,20,20,1,9.0,0.0,90.0,90.00000000000001,0.9,0.0,0.0,0.0,0.0,15
strong_1nn,Deterministic 6ch 1-NN,60.0,120.0,20,20,1,27.24130131089957,0.0,128.68218745348943,130.5053503274186,0.75,0.15,0.0,0.0,0.0,16
strong_1nn,Deterministic 6ch 1-NN,60.0,150.0,20,20,1,24.422886632781257,0.0,119.99999999999999,119.99999999999999,0.75,0.1,0.0,0.0,0.0,17
strong_1nn,Deterministic 6ch 1-NN,60.0,180.0,20,20,1,27.30488905146254,0.0,119.99999999999999,179.99999999999997,0.75,0.15,0.05,0.0,0.05,18
strong_1nn,Deterministic 6ch 1-NN,60.0,210.0,20,20,1,35.86617696173176,0.0,128.68218745348943,128.68218745348943,0.65,0.15,0.0,0.0,0.0,19
strong_1nn,Deterministic 6ch 1-NN,60.0,240.0,20,20,1,29.80232811802341,0.0,128.68218745348943,128.68218745348943,0.75,0.2,0.0,0.0,0.0,20
strong_1nn,Deterministic 6ch 1-NN,60.0,270.0,20,20,1,25.28294531366276,0.0,119.99999999999999,150.0,0.8,0.2,0.05,0.0,0.0,21
strong_1nn,Deterministic 6ch 1-NN,60.0,300.0,20,20,1,23.802328118023418,0.0,128.68218745348943,128.68218745348943,0.8,0.15,0.0,0.0,0.0,22
strong_1nn,Deterministic 6ch 1-NN,60.0,330.0,20,20,1,14.716033794528647,0.0,82.81924421854174,128.68218745348943,0.85,0.05,0.0,0.0,0.0,23
strong_1nn,Deterministic 6ch 1-NN,90.0,0.0,20,20,1,53.782945313662765,30.000000000000014,180.0,180.0,0.45,0.25,0.2,0.0,0.1,24
strong_1nn,Deterministic 6ch 1-NN,90.0,30.0,20,20,1,50.56589062732553,29.999999999999996,150.0,150.0,0.35,0.25,0.1,0.0,0.0,25
strong_1nn,Deterministic 6ch 1-NN,90.0,60.0,20,20,1,49.859037789072914,35.704811054635435,138.59037789072917,138.59037789072917,0.4,0.25,0.0,0.0,0.0,26
strong_1nn,Deterministic 6ch 1-NN,90.0,90.0,20,20,1,37.5,0.0,150.0,180.0,0.65,0.2,0.2,0.0,0.05,27
strong_1nn,Deterministic 6ch 1-NN,90.0,120.0,20,20,1,43.14096221092709,41.409622109270856,138.59037789072914,138.59037789072914,0.4,0.1,0.0,0.0,0.0,28
strong_1nn,Deterministic 6ch 1-NN,90.0,150.0,20,20,1,61.14096221092709,35.70481105463544,179.99999999999997,179.99999999999997,0.4,0.3,0.2,0.0,0.1,29
strong_1nn,Deterministic 6ch 1-NN,90.0,180.0,20,20,1,78.21705468633724,47.170546863372365,180.0,180.0,0.2,0.4,0.35,0.0,0.1,30
strong_1nn,Deterministic 6ch 1-NN,90.0,210.0,20,20,1,52.14096221092709,35.70481105463543,150.00000000000003,180.0,0.35,0.2,0.1,0.0,0.05,31
strong_1nn,Deterministic 6ch 1-NN,90.0,240.0,20,20,1,53.42951889453646,35.70481105463545,138.59037789072914,149.99999999999997,0.4,0.3,0.05,0.0,0.0,32
strong_1nn,Deterministic 6ch 1-NN,90.0,270.0,20,20,1,25.5,0.0,150.0,180.0,0.6,0.1,0.1,0.0,0.05,33
strong_1nn,Deterministic 6ch 1-NN,90.0,300.0,20,20,1,34.5,29.99999999999996,120.00000000000001,138.59037789072914,0.45,0.15,0.0,0.0,0.0,34
strong_1nn,Deterministic 6ch 1-NN,90.0,330.0,20,20,1,48.43410937267447,29.999999999999993,149.99999999999997,179.99999999999997,0.3,0.2,0.1,0.0,0.05,35
strong_1nn,Deterministic 6ch 1-NN,120.0,0.0,20,20,1,12.000000000000004,0.0,59.99999999999999,120.00000000000001,0.8,0.05,0.0,0.0,0.0,36
strong_1nn,Deterministic 6ch 1-NN,120.0,30.0,20,20,1,26.71603379452865,0.0,120.00000000000004,128.68218745348943,0.75,0.15,0.0,0.0,0.0,37
strong_1nn,Deterministic 6ch 1-NN,120.0,60.0,20,20,1,32.26170500706881,0.0,128.68218745348943,130.5053503274186,0.75,0.25,0.0,0.0,0.0,38
strong_1nn,Deterministic 6ch 1-NN,120.0,90.0,20,20,1,7.140962210927086,0.0,41.409622109270856,59.99999999999999,0.85,0.0,0.0,0.0,0.0,39
strong_1nn,Deterministic 6ch 1-NN,120.0,120.0,20,20,1,38.00918095627603,0.0,128.68218745348943,128.68218745348943,0.65,0.2,0.0,0.0,0.0,40
strong_1nn,Deterministic 6ch 1-NN,120.0,150.0,20,20,1,20.28192442185417,0.0,120.00000000000001,120.00000000000001,0.8,0.1,0.0,0.0,0.0,41
strong_1nn,Deterministic 6ch 1-NN,120.0,180.0,20,20,1,15.304889051462544,0.0,90.00000000000001,179.99999999999997,0.85,0.05,0.05,0.0,0.05,42
strong_1nn,Deterministic 6ch 1-NN,120.0,210.0,20,20,1,39.57302979998437,0.0,128.68218745348943,128.68218745348943,0.6,0.15,0.0,0.0,0.0,43
strong_1nn,Deterministic 6ch 1-NN,120.0,240.0,20,20,1,29.443290328950503,0.0,128.68218745348943,128.68218745348943,0.75,0.2,0.0,0.0,0.0,44
strong_1nn,Deterministic 6ch 1-NN,120.0,270.0,20,20,1,13.358016897264324,0.0,64.34109372674472,120.00000000000001,0.8,0.05,0.0,0.0,0.0,45
strong_1nn,Deterministic 6ch 1-NN,120.0,300.0,20,20,1,18.868218745348948,0.0,128.68218745348943,128.68218745348943,0.85,0.15,0.0,0.0,0.0,46
strong_1nn,Deterministic 6ch 1-NN,120.0,330.0,20,20,1,4.140962210927087,0.0,0.0,82.81924421854174,0.95,0.0,0.0,0.0,0.0,47
strong_1nn,Deterministic 6ch 1-NN,150.0,0.0,20,20,1,12.743547222613186,0.0,59.99999999999999,90.00000000000001,0.75,0.0,0.0,0.0,0.0,48
strong_1nn,Deterministic 6ch 1-NN,150.0,30.0,20,20,1,13.552248781407007,0.0,59.99999999999999,151.04497562814015,0.85,0.05,0.05,0.0,0.0,49
strong_1nn,Deterministic 6ch 1-NN,150.0,60.0,20,20,1,33.91319912160783,0.0,151.04497562814015,165.1290555477363,0.75,0.2,0.2,0.05,0.0,50
strong_1nn,Deterministic 6ch 1-NN,150.0,90.0,20,20,1,24.217054686337235,0.0,90.00000000000001,120.00000000000001,0.7,0.05,0.0,0.0,0.0,51
strong_1nn,Deterministic 6ch 1-NN,150.0,120.0,20,20,1,22.98635815408148,0.0,128.68218745348943,151.04497562814015,0.75,0.1,0.05,0.0,0.0,52
strong_1nn,Deterministic 6ch 1-NN,150.0,150.0,20,20,1,16.98635815408148,0.0,128.68218745348943,151.04497562814015,0.85,0.1,0.05,0.0,0.0,53
strong_1nn,Deterministic 6ch 1-NN,150.0,180.0,20,20,1,18.000000000000004,0.0,90.00000000000001,180.0,0.75,0.05,0.05,0.0,0.05,54
strong_1nn,Deterministic 6ch 1-NN,150.0,210.0,20,20,1,24.104497562814014,0.0,151.04497562814015,151.04497562814015,0.75,0.1,0.1,0.0,0.0,55
strong_1nn,Deterministic 6ch 1-NN,150.0,240.0,20,20,1,42.2886862721049,0.0,128.68218745348946,151.04497562814015,0.65,0.25,0.05,0.0,0.0,56
strong_1nn,Deterministic 6ch 1-NN,150.0,270.0,20,20,1,19.195110948537454,0.0,143.9022189707491,180.0,0.85,0.1,0.05,0.0,0.05,57
strong_1nn,Deterministic 6ch 1-NN,150.0,300.0,20,20,1,9.052248781407009,0.0,30.000000000000018,151.04497562814015,0.9,0.05,0.05,0.0,0.0,58
strong_1nn,Deterministic 6ch 1-NN,150.0,330.0,20,20,1,23.420467526755953,0.0,128.68218745348946,151.04497562814015,0.8,0.15,0.05,0.0,0.0,59
