arm,arm_display,entity_type,entity,object_code,theta_true_deg,phi_true_deg,prediction_rows,tail_gt90_count,tail_gt90_rate,tail_ge150_rate,exact_antipodal_rate,tail_rank,share_of_arm_tail
frequency,Frequency MLP,object,bb7d,bb7d,,,420,205,0.4880952380952381,0.19047619047619047,0.0880952380952381,1,0.12568976088289394
frequency,Frequency MLP,object,bc2c,bc2c,,,420,192,0.45714285714285713,0.21666666666666667,0.14523809523809525,2,0.11771919068056406
frequency,Frequency MLP,object,ba0f,ba0f,,,420,164,0.3904761904761905,0.15476190476190477,0.06904761904761905,3,0.10055180870631514
frequency,Frequency MLP,object,bb26,bb26,,,420,164,0.3904761904761905,0.1738095238095238,0.0880952380952381,4,0.10055180870631514
frequency,Frequency MLP,object,b7fd,b7fd,,,420,121,0.28809523809523807,0.09047619047619047,0.047619047619047616,5,0.07418761496014716
frequency,Frequency MLP,object,b979,b979,,,420,119,0.2833333333333333,0.12857142857142856,0.05238095238095238,6,0.07296137339055794
frequency,Frequency MLP,object,bbc6,bbc6,,,420,108,0.2571428571428571,0.16904761904761906,0.1,7,0.06621704475781728
frequency,Frequency MLP,object,b8ed,b8ed,,,420,99,0.2357142857142857,0.06190476190476191,0.05238095238095238,8,0.06069895769466585
frequency,Frequency MLP,object,b97b,b97b,,,420,56,0.13333333333333333,0.07380952380952381,0.06904761904761905,9,0.034334763948497854
frequency,Frequency MLP,object,bb7c,bb7c,,,420,49,0.11666666666666667,0.08571428571428572,0.08333333333333333,10,0.030042918454935622
frequency,Frequency MLP,object,b9e6,b9e6,,,420,46,0.10952380952380952,0.06190476190476191,0.06190476190476191,11,0.028203556100551808
frequency,Frequency MLP,object,b7c1,b7c1,,,420,44,0.10476190476190476,0.07380952380952381,0.07380952380952381,12,0.0269773145309626
frequency,Frequency MLP,object,b871,b871,,,420,43,0.10238095238095238,0.047619047619047616,0.04285714285714286,13,0.026364193746167996
frequency,Frequency MLP,object,b943,b943,,,420,43,0.10238095238095238,0.06904761904761905,0.06904761904761905,14,0.026364193746167996
frequency,Frequency MLP,object,b827,b827,,,420,41,0.09761904761904762,0.06428571428571428,0.06428571428571428,15,0.025137952176578784
frequency,Frequency MLP,object,b905,b905,,,420,39,0.09285714285714286,0.05476190476190476,0.05238095238095238,16,0.023911710606989576
frequency,Frequency MLP,object,b974,b974,,,420,34,0.08095238095238096,0.07857142857142857,0.07857142857142857,17,0.020846106683016553
frequency,Frequency MLP,object,b812,b812,,,420,31,0.07380952380952381,0.06428571428571428,0.06428571428571428,18,0.01900674432863274
frequency,Frequency MLP,object,b80b,b80b,,,420,24,0.05714285714285714,0.05714285714285714,0.05714285714285714,19,0.014714898835070508
frequency,Frequency MLP,object,baa9,baa9,,,420,9,0.02142857142857143,0.02142857142857143,0.02142857142857143,20,0.005518087063151441
rect_ifft,Rect-IFFT MLP,object,bb7d,bb7d,,,420,207,0.4928571428571429,0.16904761904761906,0.09523809523809523,1,0.12454873646209386
rect_ifft,Rect-IFFT MLP,object,bc2c,bc2c,,,420,181,0.430952380952381,0.19523809523809524,0.10238095238095238,2,0.10890493381468111
rect_ifft,Rect-IFFT MLP,object,bb26,bb26,,,420,180,0.42857142857142855,0.1976190476190476,0.08571428571428572,3,0.10830324909747292
rect_ifft,Rect-IFFT MLP,object,ba0f,ba0f,,,420,153,0.36428571428571427,0.17142857142857143,0.08095238095238096,4,0.09205776173285199
rect_ifft,Rect-IFFT MLP,object,b7fd,b7fd,,,420,146,0.3476190476190476,0.1357142857142857,0.06904761904761905,5,0.08784596871239471
rect_ifft,Rect-IFFT MLP,object,b979,b979,,,420,128,0.3047619047619048,0.10952380952380952,0.0380952380952381,6,0.07701564380264742
rect_ifft,Rect-IFFT MLP,object,bbc6,bbc6,,,420,121,0.28809523809523807,0.18333333333333332,0.10952380952380952,7,0.07280385078219014
rect_ifft,Rect-IFFT MLP,object,b8ed,b8ed,,,420,116,0.2761904761904762,0.08571428571428572,0.05238095238095238,8,0.06979542719614922
rect_ifft,Rect-IFFT MLP,object,b97b,b97b,,,420,61,0.14523809523809525,0.07380952380952381,0.06904761904761905,9,0.036702767749699154
rect_ifft,Rect-IFFT MLP,object,bb7c,bb7c,,,420,49,0.11666666666666667,0.09047619047619047,0.08571428571428572,10,0.029482551143200964
rect_ifft,Rect-IFFT MLP,object,b943,b943,,,420,44,0.10476190476190476,0.06904761904761905,0.06666666666666667,11,0.026474127557160047
rect_ifft,Rect-IFFT MLP,object,b871,b871,,,420,43,0.10238095238095238,0.08095238095238096,0.07857142857142857,12,0.025872442839951864
rect_ifft,Rect-IFFT MLP,object,b7c1,b7c1,,,420,40,0.09523809523809523,0.06904761904761905,0.06428571428571428,13,0.024067388688327317
rect_ifft,Rect-IFFT MLP,object,b905,b905,,,420,39,0.09285714285714286,0.05,0.04523809523809524,14,0.023465703971119134
rect_ifft,Rect-IFFT MLP,object,b9e6,b9e6,,,420,38,0.09047619047619047,0.04523809523809524,0.04523809523809524,15,0.02286401925391095
rect_ifft,Rect-IFFT MLP,object,b827,b827,,,420,35,0.08333333333333333,0.05,0.04285714285714286,16,0.0210589651022864
rect_ifft,Rect-IFFT MLP,object,b974,b974,,,420,34,0.08095238095238096,0.08095238095238096,0.08095238095238096,17,0.02045728038507822
rect_ifft,Rect-IFFT MLP,object,b812,b812,,,420,28,0.06666666666666667,0.05714285714285714,0.05714285714285714,18,0.01684717208182912
rect_ifft,Rect-IFFT MLP,object,b80b,b80b,,,420,14,0.03333333333333333,0.03333333333333333,0.03333333333333333,19,0.00842358604091456
rect_ifft,Rect-IFFT MLP,object,baa9,baa9,,,420,5,0.011904761904761904,0.011904761904761904,0.011904761904761904,20,0.0030084235860409147
hann_ifft,Hann-IFFT MLP,object,bb7d,bb7d,,,420,206,0.49047619047619045,0.1595238095238095,0.06904761904761905,1,0.11081226465841851
hann_ifft,Hann-IFFT MLP,object,ba0f,ba0f,,,420,197,0.46904761904761905,0.2,0.10476190476190476,2,0.10597095212479828
hann_ifft,Hann-IFFT MLP,object,b979,b979,,,420,173,0.4119047619047619,0.09285714285714286,0.0380952380952381,3,0.09306078536847767
hann_ifft,Hann-IFFT MLP,object,bb26,bb26,,,420,164,0.3904761904761905,0.20476190476190476,0.07857142857142857,4,0.08821947283485745
hann_ifft,Hann-IFFT MLP,object,b7fd,b7fd,,,420,157,0.3738095238095238,0.1380952380952381,0.06190476190476191,5,0.0844540075309306
hann_ifft,Hann-IFFT MLP,object,b8ed,b8ed,,,420,151,0.3595238095238095,0.14047619047619048,0.06904761904761905,6,0.08122646584185046
hann_ifft,Hann-IFFT MLP,object,bc2c,bc2c,,,420,145,0.34523809523809523,0.14523809523809525,0.07142857142857142,7,0.07799892415277031
hann_ifft,Hann-IFFT MLP,object,bbc6,bbc6,,,420,118,0.28095238095238095,0.15476190476190477,0.12857142857142856,8,0.06347498655190963
hann_ifft,Hann-IFFT MLP,object,b97b,b97b,,,420,84,0.2,0.15476190476190477,0.12857142857142856,9,0.04518558364712211
hann_ifft,Hann-IFFT MLP,object,bb7c,bb7c,,,420,58,0.1380952380952381,0.09523809523809523,0.09047619047619047,10,0.031199569661108123
hann_ifft,Hann-IFFT MLP,object,b9e6,b9e6,,,420,57,0.1357142857142857,0.0880952380952381,0.0880952380952381,11,0.03066164604626143
hann_ifft,Hann-IFFT MLP,object,b827,b827,,,420,54,0.12857142857142856,0.06904761904761905,0.047619047619047616,12,0.029047875201721356
hann_ifft,Hann-IFFT MLP,object,b7c1,b7c1,,,420,53,0.1261904761904762,0.08095238095238096,0.08095238095238096,13,0.028509951586874662
hann_ifft,Hann-IFFT MLP,object,b905,b905,,,420,48,0.11428571428571428,0.06428571428571428,0.05,14,0.025820333512641205
hann_ifft,Hann-IFFT MLP,object,b871,b871,,,420,46,0.10952380952380952,0.06666666666666667,0.06428571428571428,15,0.02474448628294782
hann_ifft,Hann-IFFT MLP,object,b943,b943,,,420,43,0.10238095238095238,0.0761904761904762,0.07380952380952381,16,0.023130715438407747
hann_ifft,Hann-IFFT MLP,object,b812,b812,,,420,38,0.09047619047619047,0.08095238095238096,0.08095238095238096,17,0.020441097364174286
hann_ifft,Hann-IFFT MLP,object,b974,b974,,,420,32,0.0761904761904762,0.07380952380952381,0.07380952380952381,18,0.017213555675094135
hann_ifft,Hann-IFFT MLP,object,b80b,b80b,,,420,27,0.06428571428571428,0.05952380952380952,0.05952380952380952,19,0.014523937600860678
hann_ifft,Hann-IFFT MLP,object,baa9,baa9,,,420,8,0.01904761904761905,0.016666666666666666,0.016666666666666666,20,0.004303388918773534
strong_1nn,Deterministic 6ch 1-NN,object,bb7d,bb7d,,,60,29,0.48333333333333334,0.13333333333333333,0.016666666666666666,1,0.1858974358974359
strong_1nn,Deterministic 6ch 1-NN,object,ba0f,ba0f,,,60,23,0.38333333333333336,0.1,0.05,2,0.14743589743589744
strong_1nn,Deterministic 6ch 1-NN,object,bb26,bb26,,,60,19,0.31666666666666665,0.13333333333333333,0.016666666666666666,3,0.12179487179487179
strong_1nn,Deterministic 6ch 1-NN,object,b979,b979,,,60,17,0.2833333333333333,0.1,0.0,4,0.10897435897435898
strong_1nn,Deterministic 6ch 1-NN,object,b7fd,b7fd,,,60,15,0.25,0.08333333333333333,0.016666666666666666,5,0.09615384615384616
strong_1nn,Deterministic 6ch 1-NN,object,bc2c,bc2c,,,60,13,0.21666666666666667,0.1,0.05,6,0.08333333333333333
strong_1nn,Deterministic 6ch 1-NN,object,b8ed,b8ed,,,60,11,0.18333333333333332,0.05,0.0,7,0.07051282051282051
strong_1nn,Deterministic 6ch 1-NN,object,b97b,b97b,,,60,6,0.1,0.06666666666666667,0.016666666666666666,8,0.038461538461538464
strong_1nn,Deterministic 6ch 1-NN,object,b827,b827,,,60,4,0.06666666666666667,0.016666666666666666,0.0,9,0.02564102564102564
strong_1nn,Deterministic 6ch 1-NN,object,b943,b943,,,60,4,0.06666666666666667,0.03333333333333333,0.016666666666666666,10,0.02564102564102564
strong_1nn,Deterministic 6ch 1-NN,object,bbc6,bbc6,,,60,4,0.06666666666666667,0.05,0.016666666666666666,11,0.02564102564102564
strong_1nn,Deterministic 6ch 1-NN,object,b7c1,b7c1,,,60,3,0.05,0.016666666666666666,0.0,12,0.019230769230769232
strong_1nn,Deterministic 6ch 1-NN,object,b905,b905,,,60,3,0.05,0.016666666666666666,0.0,13,0.019230769230769232
strong_1nn,Deterministic 6ch 1-NN,object,b974,b974,,,60,2,0.03333333333333333,0.0,0.0,14,0.01282051282051282
strong_1nn,Deterministic 6ch 1-NN,object,b871,b871,,,60,1,0.016666666666666666,0.016666666666666666,0.016666666666666666,15,0.00641025641025641
strong_1nn,Deterministic 6ch 1-NN,object,b9e6,b9e6,,,60,1,0.016666666666666666,0.0,0.0,16,0.00641025641025641
strong_1nn,Deterministic 6ch 1-NN,object,bb7c,bb7c,,,60,1,0.016666666666666666,0.016666666666666666,0.016666666666666666,17,0.00641025641025641
strong_1nn,Deterministic 6ch 1-NN,object,b80b,b80b,,,60,0,0.0,0.0,0.0,18,0.0
strong_1nn,Deterministic 6ch 1-NN,object,b812,b812,,,60,0,0.0,0.0,0.0,19,0.0
strong_1nn,Deterministic 6ch 1-NN,object,baa9,baa9,,,60,0,0.0,0.0,0.0,20,0.0
